date,PM2.5,PM10,PM1,NO2,SO2,CO,Temperature,Humidity,Pressure
2021-09-10 00:00:00+00:00,11.27,12.6,9.73,,,,19.61,41.73,984.67
2021-09-11 00:00:00+00:00,6.57,7.41,5.545,,,,13.54,54.02,990.4
2021-09-12 00:00:00+00:00,14.29,16.36,12.68,,,,12.02,49.35,994.51
2021-09-13 00:00:00+00:00,11.79,13.1,10.405,,,,14.19,38.53,992.53
2021-09-14 00:00:00+00:00,5.0,5.8,4.2,,,,20.1,31.13,987.92
2021-09-15 00:00:00+00:00,6.14,7.18,5.27,,,,21.1,30.71,982.48
2021-09-16 00:00:00+00:00,13.71,14.86,11.43,,,,14.55,45.19,983.07
2021-09-17 00:00:00+00:00,14.04,15.57,12.0,,,,10.31,50.96,987.53
2021-09-18 00:00:00+00:00,10.29,11.64,8.685,,,,8.8,46.85,990.99
2021-09-19 00:00:00+00:00,14.18,16.13,11.959999999999999,,,,7.04,47.72,997.41
2021-09-20 00:00:00+00:00,27.42,31.9,23.794999999999998,,,,8.21,39.74,999.55
2021-09-21 00:00:00+00:00,8.28,9.22,6.960000000000001,,,,10.59,33.27,998.89
2021-09-22 00:00:00+00:00,8.53,9.59,7.13,,,,11.65,30.58,997.16
2021-09-23 00:00:00+00:00,8.92,10.14,7.57,,,,14.03,27.61,998.15
2021-09-24 00:00:00+00:00,5.7,6.93,4.715,,,,14.58,24.98,994.61
2021-09-25 00:00:00+00:00,13.15,14.89,11.195,,,,14.65,25.37,983.31
2021-09-26 00:00:00+00:00,18.34,21.14,15.65,,,,11.28,58.67,982.91
2021-09-27 00:00:00+00:00,21.5,23.8,18.265,,,,8.49,74.64,981.33
2021-09-28 00:00:00+00:00,11.48,12.39,9.675,,,,5.41,72.08,989.59
2021-09-29 00:00:00+00:00,14.04,15.23,11.895,,,,6.61,58.48,995.7
2021-09-30 00:00:00+00:00,23.23,25.58,19.775,,,,6.42,57.35,1001.35
2021-10-01 00:00:00+00:00,11.8,12.7,9.89,,,,9.01,47.07,1005.13
2021-10-02 00:00:00+00:00,11.53,12.59,9.725,,,,11.47,52.9,1005.52
2021-10-03 00:00:00+00:00,14.6,16.8,12.295,,,,11.01,52.22,1004.94
2021-10-04 00:00:00+00:00,9.73,10.75,8.21,,,,6.75,44.08,1008.85
2021-10-05 00:00:00+00:00,11.6,12.97,9.885,,,,1.41,50.04,1015.21
2021-10-06 00:00:00+00:00,30.87,35.61,26.84,,,,3.33,54.6,1015.42
2021-10-07 00:00:00+00:00,31.93,37.58,28.325,,,,3.47,53.21,1016.88
2021-10-08 00:00:00+00:00,45.38,57.5,42.45,,,,5.5,56.55,1009.03
2021-10-09 00:00:00+00:00,36.56,44.72,33.465,,,,6.9,45.8,1002.64
2021-10-10 00:00:00+00:00,37.4,46.44,34.285,,,,7.32,55.59,1001.89
2021-10-11 00:00:00+00:00,30.36,35.77,26.985,,,,7.2,61.92,1005.21
2021-10-12 00:00:00+00:00,22.0,24.57,18.785,,,,7.69,54.12,1007.32
2021-10-13 00:00:00+00:00,11.14,12.64,9.425,,,,6.03,44.32,1007.58
2021-10-14 00:00:00+00:00,13.66,15.4,11.63,,,,9.74,38.69,1006.1
2021-10-15 00:00:00+00:00,8.77,9.9,7.285,,,,8.33,38.39,1002.79
2021-10-16 00:00:00+00:00,19.7,22.67,16.97,,,,10.36,41.32,999.27
2021-10-17 00:00:00+00:00,10.07,11.25,8.59,,,,12.61,34.72,996.89
2021-10-18 00:00:00+00:00,7.68,8.93,6.51,,,,9.76,30.63,991.45
2021-10-19 00:00:00+00:00,12.93,14.69,10.9,,,,11.33,36.7,983.92
2021-10-20 00:00:00+00:00,26.24,28.74,22.475,,,,6.44,70.53,983.13
2021-10-21 00:00:00+00:00,8.36,9.39,7.135,,,,4.05,68.09,993.75
2021-10-22 00:00:00+00:00,26.15,28.21,22.3,,,,8.86,62.89,990.72
2021-10-23 00:00:00+00:00,18.35,19.86,15.45,,,,10.28,74.98,995.18
2021-10-24 00:00:00+00:00,15.36,17.68,13.02,,,,10.15,40.79,991.6
2021-10-25 00:00:00+00:00,21.14,24.22,18.13,,,,5.43,78.5,989.88
2021-10-26 00:00:00+00:00,29.93,34.86,25.795,,,,2.95,72.16,1001.32
2021-10-27 00:00:00+00:00,9.5,10.4,7.95,,,,0.56,64.56,1003.38
2021-10-28 00:00:00+00:00,20.87,22.81,17.759999999999998,,,,4.51,56.64,998.68
2021-10-29 00:00:00+00:00,15.8,17.1,13.265,,,,5.71,65.54,999.81
2021-10-30 00:00:00+00:00,18.23,20.04,15.02,,,,6.57,71.79,1004.21
2021-10-31 00:00:00+00:00,22.0,24.2,18.6,,,,7.08,74.39,1004.15
2021-11-01 00:00:00+00:00,19.52,21.31,16.43,,,,6.74,64.44,999.59
2021-11-02 00:00:00+00:00,24.35,26.9,20.674999999999997,,,,2.68,67.45,1000.52
2021-11-03 00:00:00+00:00,3.13,3.87,2.54,,,,-4.26,36.4,1014.26
2021-11-04 00:00:00+00:00,3.21,4.07,2.68,,,,-4.84,38.75,1021.0
2021-11-05 00:00:00+00:00,8.49,9.78,7.125,,,,-3.2,34.21,1019.35
2021-11-06 00:00:00+00:00,8.83,10.35,7.64,,,,-2.18,27.28,1011.69
2022-02-01 00:00:00+00:00,27.08,31.21,22.490000000000002,,,,-3.25,71.89,995.24
2022-02-02 00:00:00+00:00,32.72,38.72,28.095,,,,-3.54,73.13,999.63
2022-02-03 00:00:00+00:00,21.38,24.36,17.785,,,,-5.05,64.12,1000.99
2022-02-04 00:00:00+00:00,20.86,23.69,17.345,,,,-4.8,61.17,989.17
2022-02-05 00:00:00+00:00,25.69,29.38,21.509999999999998,,,,-4.38,69.81,980.57
2022-02-06 00:00:00+00:00,32.72,38.49,27.765,,,,-4.3,73.7,981.81
2022-02-07 00:00:00+00:00,23.87,27.0,20.0,,,,-6.01,73.48,990.33
2022-02-08 00:00:00+00:00,29.35,33.5,24.715,,,,-6.39,72.16,994.5
2022-02-09 00:00:00+00:00,11.25,12.86,9.36,,,,-6.99,75.31,1001.04
2022-02-10 00:00:00+00:00,18.69,21.64,15.565000000000001,,,,-6.59,73.04,995.84
2022-02-11 00:00:00+00:00,22.57,25.9,18.549999999999997,,,,-2.6,75.81,987.93
2022-02-12 00:00:00+00:00,16.45,18.26,13.515,,,,-1.44,79.38,990.12
2022-02-13 00:00:00+00:00,29.18,34.11,24.555,,,,-4.29,77.94,991.56
2022-02-14 00:00:00+00:00,18.89,20.78,16.02,,,,-6.89,72.9,999.16
2022-02-15 00:00:00+00:00,17.7,20.0,15.105,,,,-4.36,73.84,1003.49
2022-02-16 00:00:00+00:00,34.59,40.08,29.805,,,,-4.65,74.68,1003.07
2022-02-17 00:00:00+00:00,28.4,32.35,23.975,,,,-5.75,76.95,1002.07
2022-02-18 00:00:00+00:00,17.73,20.35,14.950000000000001,,,,-8.31,72.06,1000.66
2022-02-19 00:00:00+00:00,13.93,15.68,11.495,,,,-13.74,67.34,998.96
2022-02-20 00:00:00+00:00,25.79,29.69,21.955000000000002,,,,-3.29,71.31,992.18
2022-02-21 00:00:00+00:00,29.03,32.9,24.325,,,,1.31,81.97,989.61
2022-02-22 00:00:00+00:00,28.86,34.24,24.400000000000002,,,,-0.63,80.2,995.61
2022-02-23 00:00:00+00:00,30.31,35.42,25.66,,,,-1.78,78.56,998.46
2022-02-24 00:00:00+00:00,32.65,38.11,28.055,,,,1.57,75.31,999.13
2022-02-25 00:00:00+00:00,26.27,29.47,22.235,,,,0.91,71.76,1004.72
2022-02-26 00:00:00+00:00,21.31,23.92,17.605,,,,0.04,69.26,1004.52
2022-02-27 00:00:00+00:00,34.14,41.04,29.585,,,,-6.52,72.87,1001.24
2022-02-28 00:00:00+00:00,34.79,41.47,29.95,,,,-2.96,71.39,1001.97
2022-03-01 00:00:00+00:00,50.04,63.2,46.515,,,,-3.79,74.45,1001.56
2022-03-02 00:00:00+00:00,60.69,78.33,57.525,,,,-5.47,73.51,1001.95
2022-03-03 00:00:00+00:00,39.74,48.75,36.175,,,,-2.08,73.59,993.41
2022-03-04 00:00:00+00:00,16.52,18.35,13.780000000000001,,,,2.54,76.06,982.66
2022-03-05 00:00:00+00:00,6.33,7.2,5.12,,,,1.35,83.93,956.8
2022-03-06 00:00:00+00:00,27.65,30.82,23.255,,,,-0.88,74.65,969.5
2022-03-07 00:00:00+00:00,13.16,15.33,11.235,,,,-10.92,71.17,987.82
2022-03-08 00:00:00+00:00,19.07,21.42,16.21,,,,-5.23,71.7,994.28
2022-03-09 00:00:00+00:00,16.04,18.07,13.65,,,,-6.9,64.29,994.9
2022-03-10 00:00:00+00:00,21.67,24.0,18.285,,,,-7.93,65.27,997.14
2022-03-11 00:00:00+00:00,18.17,20.6,15.475000000000001,,,,-9.0,63.14,993.37
2022-03-12 00:00:00+00:00,9.72,11.34,8.205,,,,-11.81,62.76,993.4
2022-03-13 00:00:00+00:00,18.25,21.04,15.655,,,,-11.5,58.87,996.23
2022-03-14 00:00:00+00:00,19.48,22.29,17.18,,,,-10.67,64.06,999.01
2022-03-15 00:00:00+00:00,22.25,24.87,19.310000000000002,,,,-8.02,66.45,1001.74
2022-03-16 00:00:00+00:00,15.97,18.29,13.504999999999999,,,,-10.13,64.16,1005.46
2022-03-17 00:00:00+00:00,18.43,21.31,15.855,,,,-10.61,59.99,1005.2
2022-03-18 00:00:00+00:00,32.49,38.36,28.68,,,,-11.43,60.72,1010.96
2022-03-19 00:00:00+00:00,37.0,43.07,32.97,,,,-10.49,58.71,1011.14
2022-03-20 00:00:00+00:00,35.0,39.97,30.825,,,,-9.77,65.47,1002.64
2022-03-21 00:00:00+00:00,23.07,25.6,19.585,,,,-5.03,72.03,988.75
2022-03-22 00:00:00+00:00,29.72,34.68,25.43,,,,-5.8,74.59,999.38
2022-03-23 00:00:00+00:00,5.14,5.93,4.165,,,,-4.59,74.26,1000.79
2022-03-24 00:00:00+00:00,10.18,11.34,8.6,,,,-2.12,75.73,999.67
2022-03-25 00:00:00+00:00,42.42,51.83,39.364999999999995,,,,-1.13,73.16,994.99
2022-03-26 00:00:00+00:00,28.64,34.0,25.84,,,,-1.01,69.86,986.91
2022-03-27 00:00:00+00:00,24.42,29.23,21.9,,,,1.94,77.09,984.69
2022-03-28 00:00:00+00:00,9.9,11.0,8.305,,,,1.3,74.95,981.11
2022-03-29 00:00:00+00:00,10.13,12.36,8.715,,,,2.02,72.31,987.53
2022-03-30 00:00:00+00:00,8.86,10.36,7.744999999999999,,,,4.13,72.86,994.16
2022-03-31 00:00:00+00:00,13.29,15.59,11.54,,,,3.9,66.59,995.77
2022-04-01 00:00:00+00:00,16.11,18.2,14.065,,,,4.43,73.31,997.21
2022-04-02 00:00:00+00:00,16.79,19.86,14.645,,,,5.41,71.12,993.27
2022-04-03 00:00:00+00:00,17.64,21.21,15.57,,,,9.48,63.81,984.01
2022-04-04 00:00:00+00:00,21.22,24.18,17.105,,,,11.1,59.68,979.04
2022-04-05 00:00:00+00:00,17.45,18.89,14.315000000000001,,,,5.19,61.34,992.3
2022-04-06 00:00:00+00:00,16.0,17.13,13.03,,,,8.28,61.7,993.8
2022-04-07 00:00:00+00:00,20.86,22.9,16.884999999999998,,,,9.49,57.49,992.2
2022-04-08 00:00:00+00:00,13.39,14.68,11.03,,,,9.71,55.59,993.23
2022-04-09 00:00:00+00:00,15.07,16.1,12.440000000000001,,,,9.46,77.41,988.48
2022-04-10 00:00:00+00:00,25.11,26.79,21.04,,,,10.11,74.52,989.81
2022-04-11 00:00:00+00:00,35.36,41.63,31.580000000000002,,,,10.08,77.73,988.93
2022-04-12 00:00:00+00:00,23.33,24.8,19.25,,,,10.55,71.53,987.75
2022-04-13 00:00:00+00:00,12.0,13.63,9.780000000000001,,,,18.38,43.74,986.75
2022-04-14 00:00:00+00:00,9.49,10.67,7.73,,,,15.63,62.77,987.69
2022-04-15 00:00:00+00:00,12.9,13.84,10.655,,,,11.71,47.99,991.41
2022-04-16 00:00:00+00:00,14.47,15.64,12.010000000000002,,,,12.36,56.56,993.43
2022-04-17 00:00:00+00:00,22.14,23.93,18.225,,,,12.61,44.92,995.27
2022-04-18 00:00:00+00:00,26.07,29.36,21.805,,,,14.18,43.85,995.96
2022-04-19 00:00:00+00:00,17.55,19.14,14.5,,,,16.46,45.07,996.27
2022-04-20 00:00:00+00:00,30.55,34.43,26.28,,,,17.98,38.43,991.59
2022-04-21 00:00:00+00:00,25.35,28.36,20.595,,,,17.51,47.96,988.88
2022-04-22 00:00:00+00:00,9.5,10.29,7.824999999999999,,,,12.21,59.41,989.46
2022-04-23 00:00:00+00:00,8.57,9.11,6.869999999999999,,,,8.77,65.62,990.89
2022-04-24 00:00:00+00:00,9.97,10.8,8.295,,,,10.21,49.49,994.42
2022-04-25 00:00:00+00:00,23.83,26.0,19.625,,,,12.21,35.9,996.54
2022-04-26 00:00:00+00:00,8.97,9.93,7.24,,,,16.72,37.11,996.14
2022-04-27 00:00:00+00:00,8.86,10.56,7.345000000000001,,,,18.63,37.75,995.88
2022-04-28 00:00:00+00:00,9.71,11.45,8.084999999999999,,,,19.89,38.2,992.75
2022-04-29 00:00:00+00:00,15.76,17.43,13.059999999999999,,,,18.94,39.0,992.85
2022-04-30 00:00:00+00:00,37.46,45.16,33.545,,,,12.39,53.9,991.45
2022-05-01 00:00:00+00:00,27.58,30.13,23.384999999999998,,,,11.65,62.24,987.39
2022-05-02 00:00:00+00:00,9.17,9.93,7.645,,,,10.1,46.83,992.25
2022-05-03 00:00:00+00:00,6.86,7.65,5.5600000000000005,,,,13.16,29.88,991.49
2022-05-04 00:00:00+00:00,34.71,40.67,30.995,,,,12.5,57.13,988.82
2022-05-05 00:00:00+00:00,15.52,16.89,12.73,,,,15.54,41.79,990.26
2022-05-06 00:00:00+00:00,6.9,7.75,5.5649999999999995,,,,9.13,36.92,997.12
2022-05-07 00:00:00+00:00,16.89,18.72,14.19,,,,11.28,27.52,1003.65
2022-05-08 00:00:00+00:00,13.71,14.83,11.15,,,,14.77,22.58,997.46
2022-05-09 00:00:00+00:00,13.36,14.49,10.99,,,,17.89,28.79,982.25
2022-05-10 00:00:00+00:00,5.33,7.29,5.4,,,,11.96,77.09,975.15
2022-05-11 00:00:00+00:00,5.72,7.0,5.075,,,,11.4,44.93,993.19
2022-05-12 00:00:00+00:00,8.68,10.67,8.07,,,,12.18,71.19,988.42
2022-05-13 00:00:00+00:00,14.62,17.69,13.595,,,,13.66,69.62,984.14
2022-05-14 00:00:00+00:00,15.64,18.36,14.045,,,,14.51,64.29,985.36
2022-05-15 00:00:00+00:00,13.8,14.5,11.485,,,,13.94,84.34,983.06
2022-05-16 00:00:00+00:00,9.82,11.36,8.87,,,,13.51,74.72,981.77
2022-05-17 00:00:00+00:00,4.93,6.21,4.355,,,,14.38,58.2,983.22
2022-05-18 00:00:00+00:00,4.86,7.07,5.07,,,,12.21,59.31,984.22
2022-05-19 00:00:00+00:00,13.0,16.1,12.330000000000002,,,,14.97,58.93,988.15
2022-05-20 00:00:00+00:00,13.36,16.5,12.665,,,,14.82,81.14,978.32
2022-05-21 00:00:00+00:00,6.38,8.07,6.26,,,,7.5,77.01,976.77
2022-05-22 00:00:00+00:00,8.83,10.87,8.36,,,,10.9,80.36,981.13
2022-05-23 00:00:00+00:00,10.07,11.79,8.98,,,,15.75,67.27,978.68
2022-05-24 00:00:00+00:00,10.14,12.1,8.735,,,,21.39,45.88,977.72
2022-05-25 00:00:00+00:00,11.13,13.89,10.5,,,,15.49,58.56,985.96
2022-05-26 00:00:00+00:00,5.79,8.07,5.855,,,,13.73,47.86,989.83
2022-05-27 00:00:00+00:00,7.79,10.33,7.6,,,,17.02,42.77,990.33
2022-05-28 00:00:00+00:00,10.93,13.71,10.425,,,,20.25,52.65,990.73
2022-05-29 00:00:00+00:00,8.78,11.21,8.25,,,,22.86,48.42,995.32
2022-05-30 00:00:00+00:00,7.79,9.6,7.085,,,,24.47,45.18,993.6
2022-05-31 00:00:00+00:00,5.47,7.4,5.485,,,,19.98,43.96,993.85
2022-06-01 00:00:00+00:00,12.62,16.75,12.46,,,,19.21,48.7,995.16
2022-06-02 00:00:00+00:00,13.66,17.67,13.13,,,,21.64,39.39,998.13
2022-06-03 00:00:00+00:00,17.89,22.31,17.049999999999997,,,,23.66,39.88,994.6
2022-06-04 00:00:00+00:00,12.93,15.5,11.965,,,,21.33,51.4,991.1
2022-06-05 00:00:00+00:00,12.27,15.13,11.465,,,,21.6,61.58,987.64
2022-06-06 00:00:00+00:00,7.47,9.86,7.145,,,,28.24,30.49,980.64
2022-06-07 00:00:00+00:00,9.4,13.42,9.245000000000001,,,,21.86,47.4,978.68
2022-06-08 00:00:00+00:00,8.86,11.0,9.035,,,,18.62,31.57,982.01
2022-06-09 00:00:00+00:00,12.93,15.32,12.695,,,,17.7,49.89,981.41
2022-06-10 00:00:00+00:00,20.07,23.43,19.0,,,,18.85,53.55,983.55
2022-06-11 00:00:00+00:00,19.67,23.47,19.165,,,,22.63,44.32,983.04
2022-06-12 00:00:00+00:00,25.76,31.4,24.395,,,,21.59,43.07,981.5
2022-06-13 00:00:00+00:00,19.73,24.07,18.915,,,,15.58,52.4,985.63
2022-06-14 00:00:00+00:00,18.0,21.14,17.12,,,,19.73,49.73,989.85
2022-06-15 00:00:00+00:00,20.82,24.15,19.535,,,,23.47,38.07,990.61
2022-06-16 00:00:00+00:00,21.48,25.0,20.384999999999998,,,,24.25,37.52,989.06
2022-06-17 00:00:00+00:00,16.87,18.87,15.9,,,,25.94,36.69,984.56
2022-06-18 00:00:00+00:00,18.97,20.97,17.71,,,,22.54,54.39,983.52
2022-06-19 00:00:00+00:00,22.73,26.57,21.57,,,,23.2,44.84,984.08
2022-06-20 00:00:00+00:00,14.21,15.54,13.555,,,,23.85,42.88,982.48
2022-06-21 00:00:00+00:00,14.47,15.76,13.809999999999999,,,,20.25,53.45,978.67
2022-06-22 00:00:00+00:00,15.79,17.57,15.105,,,,28.24,35.76,978.92
2022-06-23 00:00:00+00:00,16.39,18.29,15.5,,,,27.48,40.71,981.74
2022-06-24 00:00:00+00:00,18.64,21.5,17.785,,,,26.99,41.37,978.55
2022-06-25 00:00:00+00:00,21.47,23.75,19.84,,,,26.95,50.83,980.47
2022-06-26 00:00:00+00:00,16.47,17.87,15.4,,,,24.01,43.39,983.91
2022-06-27 00:00:00+00:00,14.1,15.97,13.415,,,,20.27,41.9,987.91
2022-06-28 00:00:00+00:00,11.69,13.36,11.34,,,,21.76,32.32,984.71
2022-06-29 00:00:00+00:00,11.43,13.07,10.925,,,,16.26,38.75,986.53
2022-06-30 00:00:00+00:00,19.32,22.71,18.32,,,,16.95,46.18,986.14
2022-07-01 00:00:00+00:00,27.54,33.03,25.835,,,,21.09,33.53,985.98
2022-07-02 00:00:00+00:00,17.66,19.29,16.465,,,,25.52,26.18,983.15
2022-07-03 00:00:00+00:00,22.04,24.1,20.335,,,,20.12,59.04,979.98
2022-07-04 00:00:00+00:00,23.07,26.33,21.77,,,,17.71,76.91,976.76
2022-07-05 00:00:00+00:00,14.97,16.04,14.12,,,,16.29,62.58,983.62
2022-07-06 00:00:00+00:00,15.21,16.71,14.495000000000001,,,,18.52,59.04,986.92
2022-07-07 00:00:00+00:00,19.6,21.71,18.25,,,,22.87,56.55,989.04
2022-07-08 00:00:00+00:00,22.07,24.68,20.53,,,,21.02,63.25,991.85
2022-07-09 00:00:00+00:00,26.86,30.71,24.955,,,,24.47,53.35,989.79
2022-07-10 00:00:00+00:00,26.14,30.9,24.88,,,,24.88,51.72,990.09
2022-07-11 00:00:00+00:00,27.14,31.69,25.83,,,,27.62,40.82,991.99
2022-07-12 00:00:00+00:00,32.33,39.61,30.95,,,,27.91,44.11,995.28
2022-07-13 00:00:00+00:00,28.93,35.0,27.895,,,,25.29,56.81,993.99
2022-07-14 00:00:00+00:00,22.86,26.36,21.715,,,,29.32,39.31,988.67
2022-07-15 00:00:00+00:00,19.29,21.29,18.04,,,,30.11,26.56,985.25
2022-07-16 00:00:00+00:00,24.73,28.92,23.695,,,,25.79,42.51,988.7
2022-07-17 00:00:00+00:00,25.07,30.04,24.455,,,,27.23,39.25,990.19
2022-07-18 00:00:00+00:00,24.07,29.55,23.810000000000002,,,,30.84,29.52,988.02
2022-07-19 00:00:00+00:00,22.93,26.77,22.1,,,,30.2,29.19,986.12
2022-07-20 00:00:00+00:00,27.74,29.47,26.08,,,,25.01,36.95,985.46
2022-07-21 00:00:00+00:00,27.0,28.66,25.509999999999998,,,,24.16,33.21,984.7
2022-07-22 00:00:00+00:00,29.04,31.84,27.59,,,,27.41,28.02,983.28
2022-07-23 00:00:00+00:00,31.64,36.93,30.785,,,,27.53,33.21,982.21
2022-07-24 00:00:00+00:00,25.04,30.44,24.82,,,,26.46,42.47,983.28
2022-07-25 00:00:00+00:00,34.6,41.72,34.19,,,,23.15,69.36,981.73
2022-07-26 00:00:00+00:00,39.67,49.11,40.45,,,,19.68,77.69,980.95
2022-07-27 00:00:00+00:00,37.57,45.8,38.22,,,,22.72,64.59,984.5
2022-07-28 00:00:00+00:00,41.21,52.55,41.525,,,,24.1,53.39,987.82
2022-07-29 00:00:00+00:00,36.79,44.9,37.33,,,,23.54,47.9,987.65
2022-07-30 00:00:00+00:00,41.27,49.64,41.285,,,,23.69,47.39,988.56
2022-07-31 00:00:00+00:00,42.35,49.28,42.78,,,,24.12,44.45,986.18
2022-08-01 00:00:00+00:00,56.87,63.93,56.3,,,,25.81,43.58,985.29
2022-08-02 00:00:00+00:00,23.4,26.47,22.595,,,,23.93,49.03,985.97
2022-08-03 00:00:00+00:00,15.33,16.76,14.415000000000001,,,,24.21,51.23,989.52
2022-08-04 00:00:00+00:00,11.93,12.14,11.285,,,,24.58,37.19,992.74
2022-08-05 00:00:00+00:00,13.0,13.33,12.165,,,,24.9,33.92,993.53
2022-08-06 00:00:00+00:00,14.62,15.5,13.68,,,,26.65,31.64,992.35
2022-08-07 00:00:00+00:00,19.23,22.43,18.82,,,,26.44,33.15,991.2
2022-08-08 00:00:00+00:00,31.59,36.14,29.82,,,,26.66,39.69,991.64
2022-08-09 00:00:00+00:00,22.83,27.79,22.145,,,,25.87,39.92,991.52
2022-08-10 00:00:00+00:00,16.28,18.52,15.695,,,,25.71,35.08,992.63
2022-08-11 00:00:00+00:00,19.3,22.97,18.825,,,,26.49,35.78,992.9
2022-08-12 00:00:00+00:00,20.64,24.86,20.18,,,,27.48,34.29,993.44
2022-08-13 00:00:00+00:00,17.47,20.35,16.945,,,,25.25,33.7,991.0
2022-08-14 00:00:00+00:00,16.21,18.0,15.535,,,,27.58,28.25,989.57
2022-08-15 00:00:00+00:00,16.21,18.2,15.665,,,,26.74,24.14,991.63
2022-08-16 00:00:00+00:00,15.71,17.14,15.035,,,,24.76,24.33,995.99
2022-08-17 00:00:00+00:00,18.93,22.47,18.485,,,,23.37,30.88,994.14
2022-08-18 00:00:00+00:00,15.36,16.5,14.5,,,,23.63,29.83,992.97
2022-08-19 00:00:00+00:00,13.86,14.45,12.905,,,,19.2,27.76,1002.65
2022-08-20 00:00:00+00:00,14.8,15.86,13.785,,,,21.61,31.55,1001.23
2022-08-21 00:00:00+00:00,17.17,19.89,16.515,,,,22.71,32.82,999.46
2022-08-22 00:00:00+00:00,15.79,17.6,15.100000000000001,,,,20.5,33.93,1000.79
2022-08-23 00:00:00+00:00,17.64,20.59,17.115000000000002,,,,23.81,36.79,1001.97
2022-08-24 00:00:00+00:00,21.27,25.57,20.75,,,,23.8,36.89,1000.9
2022-08-25 00:00:00+00:00,21.16,25.67,20.82,,,,23.56,34.63,998.32
2022-08-26 00:00:00+00:00,25.24,30.93,25.32,,,,25.85,35.08,997.06
2022-08-27 00:00:00+00:00,24.93,30.43,25.48,,,,25.3,35.24,997.49
2022-08-28 00:00:00+00:00,22.73,27.79,22.645,,,,25.01,36.65,997.47
2022-08-29 00:00:00+00:00,24.0,29.8,24.33,,,,25.09,36.68,995.83
2022-08-30 00:00:00+00:00,33.86,42.4,33.6,,,,27.7,22.54,993.52
2022-08-31 00:00:00+00:00,34.07,43.57,34.0,,,,27.41,25.32,989.44
2022-09-01 00:00:00+00:00,13.87,19.64,14.285,,,,27.01,21.51,987.79
2022-09-02 00:00:00+00:00,6.71,8.69,6.58,,,,29.72,18.62,988.07
2022-09-03 00:00:00+00:00,28.13,33.93,27.7,,,,24.95,28.01,992.43
2022-09-04 00:00:00+00:00,36.47,45.95,36.475,,,,25.45,22.15,987.49
2022-09-05 00:00:00+00:00,34.97,44.42,35.03,,,,24.22,26.36,978.73
2022-09-06 00:00:00+00:00,25.11,31.24,25.799999999999997,,,,12.36,52.27,983.12
2022-09-07 00:00:00+00:00,22.87,26.79,22.259999999999998,,,,13.81,38.42,990.58
2022-09-08 00:00:00+00:00,24.71,29.45,24.34,,,,15.64,32.07,994.61
2022-09-09 00:00:00+00:00,24.83,29.54,24.42,,,,12.98,45.6,990.86
2022-09-10 00:00:00+00:00,36.79,47.11,36.59,,,,10.0,85.64,985.26
2022-09-11 00:00:00+00:00,26.57,31.21,26.025,,,,9.93,64.25,995.54
2022-09-12 00:00:00+00:00,35.21,45.93,35.065,,,,11.5,63.73,997.95
2022-09-13 00:00:00+00:00,25.52,29.69,24.58,,,,14.66,49.84,997.26
2022-09-14 00:00:00+00:00,16.79,18.3,15.97,,,,16.73,28.55,994.76
2022-09-15 00:00:00+00:00,16.5,18.0,15.665,,,,17.51,26.71,986.21
2022-09-16 00:00:00+00:00,24.0,28.0,23.235,,,,17.85,54.52,988.16
2022-09-17 00:00:00+00:00,20.71,23.27,19.884999999999998,,,,21.08,49.8,989.58
2022-09-18 00:00:00+00:00,21.4,24.07,20.435000000000002,,,,21.18,40.28,993.39
2022-09-19 00:00:00+00:00,19.39,21.14,18.28,,,,19.22,25.52,995.82
2022-09-20 00:00:00+00:00,23.21,25.93,22.0,,,,15.71,31.31,995.01
2022-09-21 00:00:00+00:00,25.0,28.93,23.895,,,,17.3,28.85,993.18
2022-09-22 00:00:00+00:00,27.45,33.5,26.985,,,,17.3,32.53,992.56
2022-09-23 00:00:00+00:00,27.04,34.03,26.9,,,,19.66,22.39,987.82
2022-09-24 00:00:00+00:00,26.03,31.83,25.585,,,,22.55,24.21,985.15
2022-09-25 00:00:00+00:00,24.0,27.42,23.245,,,,15.31,63.91,983.46
2022-09-26 00:00:00+00:00,17.71,19.76,17.215,,,,12.54,54.81,989.65
2022-09-27 00:00:00+00:00,21.14,22.71,19.94,,,,11.05,58.27,993.58
2022-09-28 00:00:00+00:00,25.83,28.79,24.305,,,,9.74,69.13,995.88
2022-09-29 00:00:00+00:00,21.63,22.4,20.165,,,,6.59,70.01,996.17
2022-09-30 00:00:00+00:00,17.93,18.27,16.67,,,,8.99,50.89,1000.9
2022-10-01 00:00:00+00:00,17.62,18.5,16.68,,,,11.95,29.79,1004.82
2022-10-02 00:00:00+00:00,21.64,23.0,20.265,,,,9.76,29.88,1002.12
2022-10-03 00:00:00+00:00,24.97,27.36,23.34,,,,7.96,33.6,1002.71
2022-10-04 00:00:00+00:00,21.79,22.83,20.104999999999997,,,,7.2,32.97,1007.23
2022-10-05 00:00:00+00:00,25.07,27.61,23.27,,,,11.28,20.74,1005.2
2022-10-06 00:00:00+00:00,26.15,31.38,25.34,,,,14.56,25.29,996.25
2022-10-07 00:00:00+00:00,24.24,25.84,22.42,,,,9.86,70.05,994.52
2022-10-08 00:00:00+00:00,26.54,29.36,24.895,,,,10.49,69.09,998.3
2022-10-09 00:00:00+00:00,29.14,32.59,27.555,,,,8.07,65.31,1005.1
2022-10-10 00:00:00+00:00,19.55,20.36,18.744999999999997,,,,8.89,42.83,1002.0
2022-10-11 00:00:00+00:00,16.13,16.76,15.18,,,,13.01,30.28,995.96
2022-10-12 00:00:00+00:00,18.64,20.0,17.55,,,,15.02,27.77,992.46
2022-10-13 00:00:00+00:00,23.83,25.84,22.025,,,,11.03,68.09,990.72
2022-10-14 00:00:00+00:00,25.64,28.36,24.075,,,,10.74,71.23,995.68
2022-10-15 00:00:00+00:00,30.56,34.49,28.945,,,,6.16,66.97,998.67
2022-10-16 00:00:00+00:00,34.67,39.93,32.765,,,,6.16,70.48,1002.97
2022-10-17 00:00:00+00:00,37.93,44.26,36.15,,,,4.34,67.91,1007.01
2022-10-18 00:00:00+00:00,24.38,26.22,22.68,,,,8.57,57.34,1001.65
2022-10-21 00:00:00+00:00,26.97,30.11,25.505,,,,12.09,60.61,985.25
2022-10-22 00:00:00+00:00,28.8,32.0,27.380000000000003,,,,4.16,82.23,991.65
2022-10-23 00:00:00+00:00,27.35,30.07,26.035,,,,1.14,65.44,1004.76
2022-10-24 00:00:00+00:00,31.76,36.07,30.215,,,,4.4,58.92,995.38
2022-10-25 00:00:00+00:00,30.33,34.33,28.755,,,,5.47,79.14,985.3
2022-10-26 00:00:00+00:00,30.69,34.1,28.775,,,,2.15,67.76,997.99
2022-10-27 00:00:00+00:00,29.14,31.83,27.22,,,,0.94,63.32,1008.29
2022-10-28 00:00:00+00:00,26.72,29.25,25.145,,,,0.43,64.27,1003.61
2022-10-29 00:00:00+00:00,27.62,30.14,25.855,,,,1.42,62.64,996.87
2022-10-30 00:00:00+00:00,26.43,29.0,24.855,,,,4.28,70.73,990.83
2022-10-31 00:00:00+00:00,23.38,24.64,21.46,,,,9.33,93.47,980.39
2022-11-01 00:00:00+00:00,18.64,19.07,17.77,,,,0.73,84.99,972.58
2022-11-02 00:00:00+00:00,19.37,19.63,18.28,,,,0.52,83.5,977.39
2022-11-03 00:00:00+00:00,21.4,21.86,20.075,,,,-0.17,81.88,979.27
2022-11-04 00:00:00+00:00,32.89,35.75,30.215,,,,-0.87,80.54,988.29
2022-11-05 00:00:00+00:00,42.04,50.4,39.785,,,,-1.53,82.16,995.16
2022-11-06 00:00:00+00:00,42.79,51.57,40.595,,,,-0.96,80.43,999.02
2022-11-07 00:00:00+00:00,37.35,42.79,34.67,,,,-1.53,79.9,1000.59
2022-11-08 00:00:00+00:00,28.64,30.87,25.985,,,,0.74,74.72,1001.54
2022-11-09 00:00:00+00:00,27.21,29.4,24.924999999999997,,,,1.27,74.14,1005.81
2022-11-10 00:00:00+00:00,26.69,29.34,24.345,,,,1.69,77.13,1006.83
2022-11-11 00:00:00+00:00,29.86,33.21,27.305,,,,3.51,80.38,1005.67
2022-11-12 00:00:00+00:00,31.13,34.79,28.740000000000002,,,,4.4,79.37,996.52
2022-11-13 00:00:00+00:00,19.13,19.66,18.16,,,,5.14,89.92,963.53
2022-11-14 00:00:00+00:00,20.32,20.93,19.25,,,,2.49,84.4,967.46
2022-11-15 00:00:00+00:00,31.1,34.07,29.855,,,,-4.86,75.19,980.79
2022-11-16 00:00:00+00:00,30.67,33.5,29.32,,,,-4.76,72.69,994.64
2022-11-17 00:00:00+00:00,22.49,23.11,21.055,,,,-1.65,65.75,997.49
2022-11-18 00:00:00+00:00,25.93,27.33,24.064999999999998,,,,-2.39,72.83,994.13
2022-11-19 00:00:00+00:00,29.71,32.27,27.635,,,,1.42,81.45,993.11
2022-11-20 00:00:00+00:00,37.45,42.83,35.275,,,,-3.0,74.42,996.95
2022-11-21 00:00:00+00:00,39.0,45.64,36.605000000000004,,,,-0.88,76.23,995.47
2022-11-22 00:00:00+00:00,35.0,39.79,32.754999999999995,,,,1.12,79.45,995.45
2022-11-23 00:00:00+00:00,24.13,25.3,22.384999999999998,,,,1.78,88.5,993.4
2022-11-24 00:00:00+00:00,29.76,32.45,27.975,,,,1.55,84.63,987.19
2022-11-25 00:00:00+00:00,35.86,41.0,33.855000000000004,,,,-2.45,72.33,1003.44
2022-11-26 00:00:00+00:00,24.67,26.07,23.14,,,,-9.43,58.22,1013.95
2022-11-27 00:00:00+00:00,23.6,25.07,22.355,,,,-8.15,52.49,1011.13
2022-11-28 00:00:00+00:00,26.56,28.79,24.98,,,,-7.95,53.24,1011.89
2022-11-29 00:00:00+00:00,33.64,36.33,30.985,,,,-11.97,50.63,1013.25
2022-11-30 00:00:00+00:00,39.27,45.97,37.435,,,,-9.59,48.3,1011.3
2022-12-01 00:00:00+00:00,46.07,55.93,44.465,,,,-7.97,59.51,1012.98
2022-12-02 00:00:00+00:00,41.7,47.83,40.2,,,,-13.79,55.27,1017.5
2022-12-03 00:00:00+00:00,30.93,33.97,29.52,,,,-13.09,54.06,1019.69
2022-12-04 00:00:00+00:00,33.54,37.03,31.98,,,,-11.46,61.99,1017.34
2022-12-05 00:00:00+00:00,43.52,50.97,41.605000000000004,,,,-10.84,66.25,1007.69
2022-12-06 00:00:00+00:00,39.89,45.62,38.055,,,,-16.66,61.0,1012.15
2022-12-07 00:00:00+00:00,49.86,58.28,48.035,,,,-18.95,62.19,1015.58
2022-12-08 00:00:00+00:00,60.29,70.75,57.32,,,,-17.42,63.61,1015.7
2022-12-09 00:00:00+00:00,60.48,73.59,58.63,,,,-16.29,64.48,1017.0
2022-12-10 00:00:00+00:00,48.4,56.33,46.019999999999996,,,,-18.36,65.23,1016.87
2022-12-11 00:00:00+00:00,31.64,34.52,30.045,,,,-15.26,63.08,1015.86
2022-12-12 00:00:00+00:00,32.67,35.89,31.009999999999998,,,,-10.76,60.52,1011.64
2022-12-13 00:00:00+00:00,30.47,33.79,29.095,,,,-9.02,54.87,1009.9
2022-12-14 00:00:00+00:00,29.22,31.96,27.75,,,,-10.08,59.5,1007.63
2022-12-15 00:00:00+00:00,43.04,49.43,41.34,,,,-12.9,60.9,1006.74
2022-12-16 00:00:00+00:00,42.36,49.66,40.4,,,,-8.48,59.92,1008.39
2022-12-17 00:00:00+00:00,30.97,33.97,28.86,,,,-2.41,54.33,1009.37
2022-12-18 00:00:00+00:00,28.31,32.28,27.575000000000003,,,,-3.28,54.07,1005.79
2022-12-19 00:00:00+00:00,32.86,37.79,31.655,,,,0.06,84.7,995.78
2022-12-20 00:00:00+00:00,37.28,41.07,34.805,,,,-10.4,75.43,997.34
2022-12-21 00:00:00+00:00,40.17,47.04,38.9,,,,-4.96,72.78,997.9
2022-12-22 00:00:00+00:00,41.8,49.57,40.835,,,,-4.26,75.45,1006.45
2022-12-23 00:00:00+00:00,36.0,40.47,33.985,,,,-6.24,68.93,1006.28
2022-12-24 00:00:00+00:00,38.89,43.48,36.455,,,,-10.84,69.4,1008.19
2022-12-25 00:00:00+00:00,31.76,34.42,29.53,,,,-8.96,60.24,1003.47
2022-12-26 00:00:00+00:00,28.21,30.07,26.175,,,,-8.36,58.07,1000.93
2022-12-27 00:00:00+00:00,33.0,36.07,31.055,,,,-11.41,67.2,998.8
2022-12-28 00:00:00+00:00,37.86,43.62,36.07,,,,-8.48,68.51,998.6
2022-12-29 00:00:00+00:00,39.67,46.79,38.21,,,,-5.79,72.86,998.67
2022-12-30 00:00:00+00:00,39.54,46.28,38.09,,,,-3.6,77.56,1001.87
2022-12-31 00:00:00+00:00,33.31,37.64,31.185000000000002,,,,-0.13,82.45,1000.25
2023-01-01 00:00:00+00:00,37.03,43.44,35.07,,,,-1.55,76.61,995.11
2023-01-02 00:00:00+00:00,25.64,27.13,23.865000000000002,,,,0.22,87.63,985.8
2023-01-03 00:00:00+00:00,22.36,22.79,20.825,,,,-1.66,79.08,989.46
2023-01-04 00:00:00+00:00,32.93,37.36,31.405,,,,1.77,93.54,981.37
2023-01-05 00:00:00+00:00,30.72,33.28,29.035,,,,-1.06,82.29,985.85
2023-01-06 00:00:00+00:00,18.25,18.43,17.285,,,,-1.09,85.64,982.67
2023-01-07 00:00:00+00:00,16.72,17.07,15.59,,,,-5.67,78.41,978.19
2023-01-08 00:00:00+00:00,6.42,7.0,5.93,,,,-26.55,63.52,995.52
2023-01-09 00:00:00+00:00,10.26,11.21,9.355,,,,-24.6,61.92,1005.89
2023-01-10 00:00:00+00:00,20.0,22.35,17.78,,,,-28.98,57.3,1018.8
2023-01-11 00:00:00+00:00,25.38,30.14,23.625,,,,-26.58,57.4,1029.2
2023-01-12 00:00:00+00:00,24.07,27.71,22.035,,,,-19.2,60.18,1028.21
2023-01-13 00:00:00+00:00,16.43,17.27,15.07,,,,-15.67,64.93,1024.19
2023-01-14 00:00:00+00:00,13.1,13.93,11.965,,,,-19.39,67.48,1022.94
2023-01-15 00:00:00+00:00,12.97,13.97,11.83,,,,-20.5,67.19,1020.24
2023-01-16 00:00:00+00:00,20.93,23.07,18.935000000000002,,,,-15.26,57.91,1015.15
2023-01-17 00:00:00+00:00,8.32,8.69,7.63,,,,-12.88,55.45,1015.5
2023-01-18 00:00:00+00:00,11.03,11.9,10.120000000000001,,,,-13.64,51.05,1016.13
2023-01-19 00:00:00+00:00,9.5,9.9,8.665,,,,-12.32,49.24,1016.34
2023-01-20 00:00:00+00:00,6.22,6.54,5.734999999999999,,,,-11.43,47.29,1019.89
2023-01-21 00:00:00+00:00,12.27,13.0,11.094999999999999,,,,-10.47,63.95,1024.31
2023-01-22 00:00:00+00:00,20.07,22.25,18.23,,,,-14.15,66.34,1023.77
2023-01-23 00:00:00+00:00,24.13,28.35,22.35,,,,-14.36,63.71,1017.77
2023-01-24 00:00:00+00:00,28.72,35.14,27.105,,,,-14.08,69.08,1011.53
2023-01-25 00:00:00+00:00,17.8,19.54,15.905,,,,-15.72,72.29,1009.18
2023-01-26 00:00:00+00:00,16.1,17.61,14.46,,,,-15.86,71.84,1007.26
2023-01-27 00:00:00+00:00,14.62,15.64,13.18,,,,-16.55,71.91,1006.75
2023-01-28 00:00:00+00:00,20.41,23.3,18.72,,,,-16.91,69.48,1002.32
2023-01-29 00:00:00+00:00,21.71,25.0,19.435,,,,-16.2,72.3,1000.23
2023-01-30 00:00:00+00:00,21.79,25.07,19.6,,,,-14.9,72.09,999.12
2023-01-31 00:00:00+00:00,20.45,23.38,18.485,,,,-13.61,70.11,998.88
2023-02-01 00:00:00+00:00,12.04,12.9,10.825,,,,-11.43,57.78,996.8
2023-02-02 00:00:00+00:00,16.54,18.45,14.809999999999999,,,,-12.46,61.51,997.2
2023-02-03 00:00:00+00:00,16.64,18.36,14.95,,,,-12.46,59.05,998.11
2023-02-04 00:00:00+00:00,11.43,12.43,10.23,,,,-13.22,62.81,995.93
2023-02-05 00:00:00+00:00,16.0,17.67,14.23,,,,-13.29,66.01,996.02
2023-02-06 00:00:00+00:00,24.83,29.87,22.985,,,,-14.62,67.45,1001.76
2023-02-07 00:00:00+00:00,20.67,24.33,19.0,,,,-14.03,69.89,1005.32
2023-02-08 00:00:00+00:00,26.3,32.36,24.68,,,,-14.65,72.59,1005.9
2023-02-09 00:00:00+00:00,25.24,30.74,23.52,,,,-12.45,73.56,1003.13
2023-02-10 00:00:00+00:00,14.33,15.58,12.645,,,,-8.14,80.19,1002.97
2023-02-11 00:00:00+00:00,12.66,13.74,11.145,,,,-9.4,76.47,1004.5
2023-02-12 00:00:00+00:00,13.17,14.42,11.675,,,,-13.7,73.14,1004.31
2023-02-13 00:00:00+00:00,11.14,12.14,9.92,,,,-11.94,71.08,1000.71
2023-02-14 00:00:00+00:00,10.57,11.36,9.395,,,,-9.99,69.55,990.71
2023-02-15 00:00:00+00:00,10.52,11.24,9.23,,,,-1.8,78.93,991.34
2023-02-16 00:00:00+00:00,11.14,12.0,9.93,,,,-3.82,72.17,996.66
2023-02-17 00:00:00+00:00,16.61,18.36,14.785,,,,-9.6,70.65,992.37
2023-02-18 00:00:00+00:00,17.85,20.0,15.93,,,,-10.23,71.23,993.49
2023-02-19 00:00:00+00:00,13.14,14.27,11.635,,,,-4.25,74.56,985.43
2023-02-20 00:00:00+00:00,10.25,10.93,9.145,,,,-3.2,78.86,981.61
2023-02-21 00:00:00+00:00,8.66,9.19,7.83,,,,-0.46,84.96,975.93
2023-02-22 00:00:00+00:00,10.35,11.04,9.27,,,,-2.5,82.3,971.17
2023-02-23 00:00:00+00:00,21.44,25.38,19.59,,,,-11.34,73.17,977.41
2023-02-24 00:00:00+00:00,15.21,16.73,13.65,,,,-17.07,69.47,993.65
2023-02-25 00:00:00+00:00,16.07,17.64,14.385000000000002,,,,-9.99,72.91,1005.53
2023-02-26 00:00:00+00:00,14.21,15.5,12.715,,,,-6.81,73.18,1007.56
2023-02-27 00:00:00+00:00,11.67,12.57,10.42,,,,0.82,72.59,1000.32
2023-02-28 00:00:00+00:00,15.57,17.79,14.04,,,,1.96,87.68,989.37
2023-03-01 00:00:00+00:00,12.0,13.0,10.68,,,,-2.23,83.42,980.15
2023-03-02 00:00:00+00:00,6.73,7.07,6.27,,,,-5.63,74.43,985.8
2023-03-03 00:00:00+00:00,7.08,7.35,6.55,,,,-2.91,79.42,990.7
2023-03-04 00:00:00+00:00,8.52,9.0,7.93,,,,-0.18,78.39,988.37
2023-03-05 00:00:00+00:00,16.71,19.52,15.325,,,,1.92,82.84,984.63
2023-03-06 00:00:00+00:00,16.76,19.47,15.34,,,,2.27,93.76,985.03
2023-03-07 00:00:00+00:00,12.0,12.6,10.93,,,,0.72,82.66,985.82
2023-03-08 00:00:00+00:00,9.5,9.85,8.745,,,,-1.12,75.58,1000.69
2023-03-09 00:00:00+00:00,10.14,10.57,9.22,,,,-1.14,75.04,998.51
2023-03-10 00:00:00+00:00,11.5,12.22,10.25,,,,1.42,80.38,990.09
2023-03-11 00:00:00+00:00,14.31,15.69,12.745000000000001,,,,3.26,88.18,990.35
2023-03-12 00:00:00+00:00,15.82,18.07,14.3,,,,2.75,91.42,1001.39
2023-03-13 00:00:00+00:00,11.29,12.07,10.15,,,,3.22,90.12,995.17
2023-03-14 00:00:00+00:00,12.5,13.4,11.2,,,,0.64,80.4,1001.06
2023-03-15 00:00:00+00:00,14.34,15.41,13.06,,,,-1.54,71.61,1008.62
2023-03-16 00:00:00+00:00,8.63,9.14,7.98,,,,-0.36,56.16,1004.43
2023-03-17 00:00:00+00:00,10.85,11.52,9.96,,,,1.05,60.71,1001.11
2023-03-18 00:00:00+00:00,16.45,18.8,15.25,,,,2.76,72.94,1000.08
2023-03-19 00:00:00+00:00,9.73,10.14,8.965,,,,0.49,75.54,1006.33
2023-03-20 00:00:00+00:00,10.47,11.14,9.605,,,,-4.46,72.19,1002.34
2023-03-21 00:00:00+00:00,12.18,13.07,11.05,,,,-0.44,74.25,997.96
2023-03-22 00:00:00+00:00,10.5,11.07,9.52,,,,3.42,75.9,993.87
2023-03-23 00:00:00+00:00,10.07,10.73,9.2,,,,5.81,73.39,996.78
2023-03-24 00:00:00+00:00,8.43,9.03,7.91,,,,6.02,69.22,994.93
2023-03-25 00:00:00+00:00,8.07,8.75,7.54,,,,9.78,55.95,990.82
2023-03-26 00:00:00+00:00,16.04,18.3,14.685,,,,8.48,68.54,992.2
2023-03-27 00:00:00+00:00,10.43,11.04,9.52,,,,10.48,52.08,988.45
2023-03-28 00:00:00+00:00,9.33,9.93,8.57,,,,14.82,41.33,980.98
2023-03-29 00:00:00+00:00,10.4,10.86,9.495000000000001,,,,8.41,64.56,986.08
2023-03-30 00:00:00+00:00,8.57,8.86,7.859999999999999,,,,4.98,68.05,993.04
2023-03-31 00:00:00+00:00,7.77,8.08,7.1850000000000005,,,,10.75,56.82,992.64
2023-04-01 00:00:00+00:00,5.6,5.92,5.295,,,,9.61,33.54,992.72
2023-04-02 00:00:00+00:00,5.79,6.07,5.5,,,,8.64,35.29,992.14
2023-04-03 00:00:00+00:00,8.13,8.52,7.545,,,,9.0,31.44,993.67
2023-04-04 00:00:00+00:00,9.19,9.86,8.565,,,,9.96,37.94,992.6
2023-04-05 00:00:00+00:00,14.27,16.11,13.07,,,,12.12,38.35,988.86
2023-04-06 00:00:00+00:00,14.43,16.14,13.195,,,,14.66,42.17,986.05
2023-04-07 00:00:00+00:00,10.93,11.66,10.08,,,,6.99,59.36,995.32
2023-04-08 00:00:00+00:00,7.36,7.64,6.965,,,,4.26,47.91,1000.25
2023-04-09 00:00:00+00:00,7.83,8.1,7.335,,,,7.17,33.36,999.83
2023-04-10 00:00:00+00:00,11.25,11.9,10.27,,,,9.88,41.27,994.15
2023-04-11 00:00:00+00:00,18.93,23.0,18.065,,,,8.38,36.9,996.55
2023-04-12 00:00:00+00:00,10.69,11.14,9.96,,,,14.4,31.85,992.58
2023-04-13 00:00:00+00:00,6.38,6.67,6.08,,,,15.49,36.28,983.07
2023-04-14 00:00:00+00:00,8.0,8.19,7.595,,,,1.46,79.16,980.32
2023-04-15 00:00:00+00:00,8.64,8.93,8.2,,,,-2.33,75.11,988.93
2023-04-16 00:00:00+00:00,9.43,9.78,8.825,,,,1.9,51.5,994.85
2023-04-17 00:00:00+00:00,13.18,14.0,11.985,,,,5.12,48.68,1003.39
2023-04-18 00:00:00+00:00,11.62,12.13,10.565000000000001,,,,8.98,47.52,1006.95
2023-04-19 00:00:00+00:00,12.97,13.83,11.83,,,,10.62,39.57,1004.03
2023-04-20 00:00:00+00:00,9.21,9.64,8.715,,,,12.04,44.16,997.43
2023-04-21 00:00:00+00:00,7.23,7.6,6.835,,,,15.02,32.47,990.99
2023-04-22 00:00:00+00:00,8.86,9.28,8.27,,,,14.26,41.16,982.46
2023-04-23 00:00:00+00:00,11.33,11.9,10.435,,,,13.31,70.33,988.85
2023-04-24 00:00:00+00:00,14.25,15.31,12.940000000000001,,,,14.58,46.72,1000.0
2023-04-25 00:00:00+00:00,8.3,8.63,7.745000000000001,,,,18.3,32.53,997.83
2023-04-26 00:00:00+00:00,7.3,7.7,6.885,,,,18.84,29.46,992.8
2023-04-27 00:00:00+00:00,7.76,8.18,7.324999999999999,,,,19.0,32.25,986.94
2023-04-28 00:00:00+00:00,15.25,17.54,13.96,,,,20.75,42.59,987.19
2023-04-29 00:00:00+00:00,15.43,17.0,14.0,,,,20.18,39.35,989.65
2023-04-30 00:00:00+00:00,25.38,31.75,24.395,,,,20.02,37.78,993.6
2023-05-01 00:00:00+00:00,9.27,9.57,8.55,,,,20.09,29.15,993.76
2023-05-02 00:00:00+00:00,11.93,12.54,10.84,,,,20.3,31.84,995.75
2023-05-03 00:00:00+00:00,10.93,11.57,10.15,,,,18.67,21.99,998.12
2023-05-04 00:00:00+00:00,11.36,11.86,10.535,,,,16.95,20.45,1001.38
2023-05-05 00:00:00+00:00,12.7,13.25,11.59,,,,17.79,19.41,998.42
2023-05-06 00:00:00+00:00,15.14,16.54,13.825,,,,18.8,26.15,991.76
2023-05-07 00:00:00+00:00,11.79,12.47,10.870000000000001,,,,18.6,38.59,991.03
2023-05-08 00:00:00+00:00,9.17,9.47,8.7,,,,14.49,37.88,993.81
2023-05-09 00:00:00+00:00,13.76,14.59,12.44,,,,11.56,72.31,994.48
2023-05-10 00:00:00+00:00,29.47,35.2,27.03,,,,12.2,80.7,988.34
2023-05-11 00:00:00+00:00,23.68,29.38,22.619999999999997,,,,14.03,71.61,992.46
2023-05-12 00:00:00+00:00,13.97,14.79,12.5,,,,13.6,66.95,988.27
2023-05-13 00:00:00+00:00,14.29,15.21,12.815000000000001,,,,13.31,67.62,988.11
2023-05-14 00:00:00+00:00,20.47,24.8,19.33,,,,15.36,46.11,992.8
2023-05-15 00:00:00+00:00,14.52,15.56,13.135000000000002,,,,15.7,42.75,992.78
2023-05-16 00:00:00+00:00,17.2,20.1,16.15,,,,20.16,27.68,991.44
2023-05-17 00:00:00+00:00,15.71,17.57,14.32,,,,18.21,40.22,985.82
2023-05-18 00:00:00+00:00,11.64,11.93,10.75,,,,13.14,90.05,989.27
2023-05-19 00:00:00+00:00,11.17,11.47,10.34,,,,14.26,78.95,992.1
2023-05-20 00:00:00+00:00,11.21,11.64,10.370000000000001,,,,14.92,69.59,993.59
2023-05-21 00:00:00+00:00,8.6,8.93,8.145,,,,17.82,46.02,996.76
2023-05-22 00:00:00+00:00,9.53,9.86,8.865,,,,21.22,30.68,998.93
2023-05-23 00:00:00+00:00,11.86,12.36,10.815,,,,22.97,28.95,1000.74
2023-05-24 00:00:00+00:00,12.93,13.62,11.76,,,,23.62,33.21,1000.38
2023-05-25 00:00:00+00:00,20.86,25.38,19.689999999999998,,,,23.24,36.35,998.8
2023-05-26 00:00:00+00:00,21.52,26.52,20.45,,,,23.35,36.07,995.33
2023-05-27 00:00:00+00:00,19.79,23.73,18.615000000000002,,,,26.01,31.18,993.97
2023-05-28 00:00:00+00:00,9.6,10.07,8.93,,,,25.6,23.04,994.29
2023-05-29 00:00:00+00:00,10.07,10.53,9.23,,,,26.12,24.24,995.71
2023-05-30 00:00:00+00:00,10.6,11.13,9.745000000000001,,,,27.19,24.3,994.8
2023-05-31 00:00:00+00:00,12.07,12.64,10.915,,,,30.73,21.79,990.3
2023-06-01 00:00:00+00:00,12.14,12.83,11.08,,,,29.37,30.04,985.67
2023-06-02 00:00:00+00:00,10.0,10.52,9.225,,,,30.4,25.69,985.23
2023-06-03 00:00:00+00:00,9.9,10.25,9.25,,,,27.32,35.86,989.39
2023-06-04 00:00:00+00:00,13.36,14.17,12.120000000000001,,,,28.54,27.59,988.48
2023-06-05 00:00:00+00:00,11.86,12.45,10.955,,,,27.58,33.94,987.2
2023-06-06 00:00:00+00:00,11.93,12.43,10.965,,,,27.28,40.99,982.56
2023-06-07 00:00:00+00:00,11.86,12.31,10.940000000000001,,,,18.92,43.86,986.87
2023-06-08 00:00:00+00:00,12.93,13.61,11.875,,,,21.03,33.72,992.68
2023-06-09 00:00:00+00:00,14.87,16.47,13.805,,,,23.17,32.39,993.74
2023-06-10 00:00:00+00:00,14.86,16.07,13.535,,,,24.01,31.52,993.21
2023-06-11 00:00:00+00:00,12.14,12.62,11.239999999999998,,,,27.79,22.67,990.79
2023-06-12 00:00:00+00:00,11.86,12.36,11.0,,,,27.26,30.06,990.31
2023-06-13 00:00:00+00:00,9.6,10.11,8.985,,,,24.17,25.99,992.39
2023-06-14 00:00:00+00:00,10.8,11.11,10.215,,,,25.13,22.54,991.53
2023-06-15 00:00:00+00:00,12.93,13.29,11.75,,,,27.3,20.19,987.23
2023-06-16 00:00:00+00:00,12.64,13.04,11.625,,,,31.61,16.51,982.75
2023-06-17 00:00:00+00:00,12.3,12.66,11.33,,,,30.14,25.31,975.3
2023-06-18 00:00:00+00:00,14.86,15.97,13.47,,,,23.53,50.19,972.69
2023-06-19 00:00:00+00:00,16.52,18.8,15.365,,,,15.77,49.46,979.0
2023-06-20 00:00:00+00:00,10.19,10.5,9.715,,,,15.96,43.1,983.66
2023-06-21 00:00:00+00:00,14.21,15.1,12.98,,,,15.45,75.69,983.73
2023-06-22 00:00:00+00:00,11.5,11.75,10.59,,,,16.16,53.35,988.28
2023-06-23 00:00:00+00:00,11.47,11.77,10.629999999999999,,,,15.57,49.82,990.59
2023-06-24 00:00:00+00:00,12.55,12.86,11.524999999999999,,,,17.23,52.65,989.36
2023-06-25 00:00:00+00:00,12.07,12.47,11.125,,,,16.86,80.06,978.06
2023-06-26 00:00:00+00:00,12.75,13.25,11.66,,,,17.2,53.96,980.16
2023-06-27 00:00:00+00:00,14.18,15.18,13.024999999999999,,,,18.82,51.56,984.23
2023-06-28 00:00:00+00:00,12.71,13.5,11.75,,,,22.39,36.96,988.23
2023-06-29 00:00:00+00:00,11.36,11.79,10.68,,,,25.38,33.35,985.54
2023-06-30 00:00:00+00:00,12.2,12.93,11.295,,,,29.3,25.78,980.82
2023-07-01 00:00:00+00:00,13.59,14.0,12.5,,,,29.76,27.16,976.51
2023-07-02 00:00:00+00:00,12.93,13.45,11.95,,,,18.11,89.53,977.79
2023-07-03 00:00:00+00:00,14.5,15.13,13.165,,,,25.81,37.65,985.19
2023-07-04 00:00:00+00:00,15.8,17.5,14.715,,,,27.57,42.13,987.45
2023-07-05 00:00:00+00:00,14.86,15.89,13.545,,,,28.39,40.75,989.16
2023-07-06 00:00:00+00:00,15.6,17.2,14.35,,,,30.05,35.09,989.73
2023-07-07 00:00:00+00:00,19.35,22.93,18.3,,,,30.56,35.39,990.77
2023-07-08 00:00:00+00:00,16.0,17.93,14.57,,,,32.79,24.18,987.67
2023-07-09 00:00:00+00:00,12.5,13.04,11.315,,,,33.75,21.24,984.19
2023-07-10 00:00:00+00:00,13.45,14.27,12.17,,,,36.19,14.39,982.31
2023-07-11 00:00:00+00:00,11.97,12.47,10.805,,,,36.72,11.41,979.99
2023-07-12 00:00:00+00:00,9.5,9.86,8.965,,,,21.47,64.95,985.98
2023-07-13 00:00:00+00:00,9.32,9.61,8.82,,,,20.1,73.69,985.39
2023-07-14 00:00:00+00:00,7.14,7.36,6.825,,,,20.09,46.18,983.5
2023-07-15 00:00:00+00:00,12.97,13.3,11.685,,,,20.55,70.11,982.27
2023-07-16 00:00:00+00:00,7.57,7.79,7.295,,,,20.93,61.59,977.99
2023-07-17 00:00:00+00:00,10.52,10.73,9.754999999999999,,,,18.52,90.75,980.52
2023-07-18 00:00:00+00:00,11.2,11.52,10.295,,,,20.13,80.38,977.69
2023-07-19 00:00:00+00:00,13.21,13.67,11.870000000000001,,,,21.59,70.22,977.9
2023-07-20 00:00:00+00:00,11.33,11.87,10.469999999999999,,,,21.49,66.66,982.85
2023-07-21 00:00:00+00:00,7.87,8.0,7.5,,,,23.37,44.32,988.28
2023-07-22 00:00:00+00:00,10.21,10.6,9.504999999999999,,,,23.32,53.45,987.51
2023-07-23 00:00:00+00:00,9.9,10.24,9.3,,,,23.49,50.64,987.46
2023-07-24 00:00:00+00:00,12.13,12.53,11.085,,,,20.16,59.2,984.58
2023-07-25 00:00:00+00:00,11.29,11.72,10.425,,,,25.34,48.38,984.74
2023-07-26 00:00:00+00:00,14.43,15.21,13.0,,,,23.88,60.59,986.22
2023-07-27 00:00:00+00:00,16.0,18.11,14.77,,,,27.17,47.23,988.08
2023-07-28 00:00:00+00:00,15.0,16.27,13.6,,,,30.01,43.77,984.79
2023-07-29 00:00:00+00:00,14.93,16.2,13.565,,,,30.27,31.4,982.67
2023-07-30 00:00:00+00:00,9.8,10.07,8.965,,,,29.72,33.17,982.41
2023-07-31 00:00:00+00:00,7.29,7.47,6.98,,,,26.68,36.78,984.07
2023-08-01 00:00:00+00:00,11.17,11.79,10.46,,,,26.05,33.76,985.13
2023-08-02 00:00:00+00:00,10.86,11.29,10.075,,,,25.5,42.02,985.96
2023-08-03 00:00:00+00:00,11.43,12.07,10.605,,,,27.08,38.11,986.39
2023-08-04 00:00:00+00:00,14.62,15.66,13.26,,,,28.24,40.68,987.83
2023-08-05 00:00:00+00:00,12.9,13.4,11.685,,,,27.75,38.97,989.28
2023-08-06 00:00:00+00:00,14.64,15.36,13.18,,,,27.87,40.0,984.97
2023-08-07 00:00:00+00:00,14.1,15.0,12.75,,,,25.57,45.39,982.84
2023-08-08 00:00:00+00:00,16.07,18.04,14.805,,,,25.45,56.94,981.35
2023-08-09 00:00:00+00:00,12.21,12.64,11.120000000000001,,,,23.17,55.32,984.23
2023-08-10 00:00:00+00:00,15.64,17.0,14.295,,,,25.68,35.43,990.49
2023-08-11 00:00:00+00:00,12.29,12.71,11.285,,,,23.9,36.83,995.25
2023-08-12 00:00:00+00:00,11.5,11.93,10.75,,,,23.07,34.22,997.99
2023-08-13 00:00:00+00:00,10.71,11.0,10.07,,,,23.4,26.71,998.82
2023-08-14 00:00:00+00:00,13.71,14.53,12.6,,,,25.61,26.97,995.94
2023-08-15 00:00:00+00:00,14.47,15.43,13.215,,,,29.92,29.43,990.72
2023-08-16 00:00:00+00:00,10.49,10.93,10.0,,,,25.78,30.82,988.16
2023-08-17 00:00:00+00:00,9.71,9.93,9.129999999999999,,,,26.04,26.99,989.79
2023-08-18 00:00:00+00:00,11.31,11.63,10.55,,,,26.71,29.96,992.04
2023-08-19 00:00:00+00:00,18.2,21.29,17.145,,,,25.84,44.43,990.31
2023-08-20 00:00:00+00:00,16.55,18.76,15.65,,,,26.45,36.64,988.51
2023-08-21 00:00:00+00:00,12.45,12.83,11.379999999999999,,,,25.39,36.57,986.04
2023-08-22 00:00:00+00:00,14.0,14.57,12.75,,,,22.68,62.46,982.19
2023-08-23 00:00:00+00:00,12.93,13.47,11.8,,,,21.29,51.64,979.32
2023-08-24 00:00:00+00:00,11.4,11.71,10.655000000000001,,,,20.11,43.59,983.1
2023-08-25 00:00:00+00:00,11.93,12.29,11.075,,,,19.94,49.61,981.67
2023-08-26 00:00:00+00:00,9.53,9.72,9.025,,,,16.82,42.05,982.24
2023-08-27 00:00:00+00:00,11.86,12.38,11.05,,,,15.61,52.79,983.28
2023-08-28 00:00:00+00:00,11.64,12.0,10.855,,,,13.46,74.37,975.17
2023-08-29 00:00:00+00:00,14.07,15.0,12.82,,,,10.39,76.2,972.85
2023-08-30 00:00:00+00:00,10.9,11.24,10.215,,,,14.48,60.24,978.59
2023-08-31 00:00:00+00:00,9.21,9.47,8.825,,,,17.03,46.15,983.73
2023-09-01 00:00:00+00:00,10.91,11.2,10.225,,,,16.98,60.52,985.97
2023-09-02 00:00:00+00:00,10.83,11.07,10.105,,,,15.86,62.7,987.86
2023-09-03 00:00:00+00:00,13.47,14.11,12.375,,,,17.3,55.27,991.25
2023-09-04 00:00:00+00:00,17.0,19.86,16.035,,,,16.55,61.03,994.66
2023-09-05 00:00:00+00:00,14.8,16.14,13.605,,,,18.89,46.93,993.34
2023-09-06 00:00:00+00:00,16.47,18.86,15.535,,,,19.09,48.92,989.64
2023-09-07 00:00:00+00:00,15.6,17.07,14.485,,,,20.05,51.12,984.52
2023-09-08 00:00:00+00:00,14.33,15.21,13.14,,,,14.7,83.67,982.86
2023-09-09 00:00:00+00:00,9.1,9.21,8.74,,,,13.32,53.39,985.32
2023-09-10 00:00:00+00:00,10.9,11.1,10.205,,,,13.67,75.19,983.67
2023-09-11 00:00:00+00:00,11.27,11.68,10.635,,,,11.7,87.56,982.1
2023-09-12 00:00:00+00:00,13.11,13.68,12.17,,,,14.68,80.77,991.06
2023-09-13 00:00:00+00:00,16.14,18.18,15.055,,,,15.85,69.78,997.07
2023-09-14 00:00:00+00:00,18.1,21.4,17.299999999999997,,,,14.68,74.31,998.03
2023-09-15 00:00:00+00:00,15.24,16.68,14.085,,,,17.05,59.16,997.18
2023-09-16 00:00:00+00:00,14.76,15.8,13.505,,,,14.75,93.68,996.25
2023-09-17 00:00:00+00:00,14.13,15.07,13.0,,,,14.12,92.43,994.9
2023-09-18 00:00:00+00:00,15.33,16.72,14.04,,,,14.15,95.32,993.16
2023-09-19 00:00:00+00:00,18.86,22.57,17.93,,,,13.98,81.28,992.71
2023-09-20 00:00:00+00:00,18.39,21.93,17.57,,,,12.67,76.2,997.87
2023-09-21 00:00:00+00:00,15.1,16.82,14.145,,,,13.08,63.51,1002.27
2023-09-22 00:00:00+00:00,13.0,13.5,12.015,,,,16.35,47.37,1003.79
2023-09-23 00:00:00+00:00,17.21,20.07,16.45,,,,17.89,55.28,1005.42
2023-09-24 00:00:00+00:00,16.42,18.59,15.33,,,,16.52,72.55,1005.73
2023-09-25 00:00:00+00:00,16.5,19.0,15.5,,,,18.03,56.42,1001.82
2023-09-26 00:00:00+00:00,18.04,21.33,17.115,,,,16.85,51.28,1000.09
2023-09-27 00:00:00+00:00,16.59,18.82,15.620000000000001,,,,15.89,63.94,998.28
2023-09-28 00:00:00+00:00,13.14,13.79,12.145,,,,13.38,51.84,996.49
2023-09-29 00:00:00+00:00,15.5,17.14,14.4,,,,13.88,51.84,992.97
2023-09-30 00:00:00+00:00,16.07,18.13,15.065,,,,14.42,64.84,991.24
2023-10-01 00:00:00+00:00,15.0,16.14,13.805,,,,12.8,67.81,994.71
2023-10-02 00:00:00+00:00,11.29,11.71,10.615,,,,12.79,53.51,995.8
2023-10-03 00:00:00+00:00,14.07,14.86,12.93,,,,13.69,51.13,996.66
2023-10-04 00:00:00+00:00,14.93,16.07,13.68,,,,14.5,55.27,997.99
2023-10-05 00:00:00+00:00,15.0,16.1,13.765,,,,15.8,56.3,994.79
2023-10-06 00:00:00+00:00,16.3,18.3,15.2,,,,12.9,100.0,990.17
2023-10-07 00:00:00+00:00,15.14,16.38,13.995,,,,10.9,95.41,984.27
2023-10-08 00:00:00+00:00,12.9,13.21,11.96,,,,11.01,99.61,979.25
2023-10-09 00:00:00+00:00,13.21,13.75,12.34,,,,9.31,87.07,980.34
2023-10-10 00:00:00+00:00,12.43,12.79,11.715,,,,5.78,83.87,988.17
2023-10-11 00:00:00+00:00,13.69,14.36,12.75,,,,4.16,78.97,996.68
2023-10-12 00:00:00+00:00,13.73,14.0,12.6,,,,4.63,69.63,1002.0
2023-10-13 00:00:00+00:00,13.93,14.43,12.965,,,,8.17,65.64,999.06
2023-10-14 00:00:00+00:00,17.82,21.21,17.25,,,,8.06,91.73,996.69
2023-10-15 00:00:00+00:00,15.18,16.35,14.175,,,,12.09,71.95,997.73
2023-10-16 00:00:00+00:00,14.55,15.67,13.585,,,,8.86,74.84,996.26
2023-10-17 00:00:00+00:00,13.8,14.33,12.735,,,,11.49,56.71,989.79
2023-10-18 00:00:00+00:00,11.86,12.14,11.265,,,,4.93,62.29,995.18
2023-10-19 00:00:00+00:00,11.93,12.45,11.39,,,,6.19,69.94,998.36
2023-10-20 00:00:00+00:00,1.9,1.9,1.88,,,,6.36,79.97,995.76
2023-10-21 00:00:00+00:00,16.23,17.62,15.395,,,,6.72,88.25,987.8
2023-10-22 00:00:00+00:00,,,,,,,3.54,74.72,989.49
2023-10-23 00:00:00+00:00,,,,,,,5.53,64.26,997.45
2023-10-24 00:00:00+00:00,,,,,,,9.65,72.59,982.6
2023-10-25 00:00:00+00:00,,,,,,,3.92,81.95,982.11
2023-10-26 00:00:00+00:00,,,,,,,-1.02,58.26,995.86
2023-10-27 00:00:00+00:00,,,,,,,1.55,78.98,994.43
2023-10-28 00:00:00+00:00,,,,,,,7.28,100.0,982.29
2023-10-29 00:00:00+00:00,10.79,11.29,10.35,,,,13.34,68.11,979.13
2023-10-30 00:00:00+00:00,,,,,,,4.49,80.65,991.46
2023-10-31 00:00:00+00:00,,,,,,,9.02,74.38,997.84
2023-11-01 00:00:00+00:00,,,,,,,11.16,81.88,1000.97
2023-11-02 00:00:00+00:00,,,,,,,7.64,78.56,998.04
2023-11-03 00:00:00+00:00,,,,,,,8.15,73.01,992.56
2023-11-04 00:00:00+00:00,,,,,,,6.3,86.34,995.92
2023-11-05 00:00:00+00:00,,,,,,,6.9,83.92,1002.26
2023-11-06 00:00:00+00:00,,,,,,,5.24,90.12,997.55
2023-11-07 00:00:00+00:00,,,,,,,5.97,82.57,987.29
2023-11-08 00:00:00+00:00,,,,,,,8.63,93.46,985.79
2023-11-09 00:00:00+00:00,,,,,,,7.96,85.1,994.45
2023-11-10 00:00:00+00:00,,,,,,,7.98,87.78,989.92
2023-11-11 00:00:00+00:00,,,,,,,4.76,95.86,990.51
2023-11-12 00:00:00+00:00,,,,,,,5.17,80.64,1004.29
2023-11-13 00:00:00+00:00,,,,,,,5.27,83.55,1001.99
2023-11-14 00:00:00+00:00,,,,,,,7.06,63.27,990.28
2023-11-15 00:00:00+00:00,,,,,,,5.26,80.81,985.57
2023-11-16 00:00:00+00:00,,,,,,,5.5,95.3,986.09
2023-11-17 00:00:00+00:00,,,,,,,5.82,98.28,984.13
2023-11-18 00:00:00+00:00,,,,,,,-0.89,72.87,991.06
2023-11-19 00:00:00+00:00,,,,,,,-3.83,79.65,1002.53
2023-11-20 00:00:00+00:00,,,,,,,0.61,70.38,995.29
2023-11-21 00:00:00+00:00,,,,,,,6.63,73.73,973.71
2023-11-22 00:00:00+00:00,,,,,,,-0.06,88.66,968.09
2023-11-23 00:00:00+00:00,,,,,,,-6.53,76.0,980.75
2023-11-24 00:00:00+00:00,,,,,,,-6.05,72.78,981.04
2023-11-25 00:00:00+00:00,,,,,,,3.68,92.53,987.07
2023-11-26 00:00:00+00:00,,,,,,,3.48,73.08,989.04
2023-11-27 00:00:00+00:00,,,,,,,2.72,80.2,981.25
2023-11-28 00:00:00+00:00,,,,,,,2.93,86.21,985.55
2023-11-29 00:00:00+00:00,,,,,,,-0.92,72.54,998.28
2023-11-30 00:00:00+00:00,,,,,,,-0.26,81.28,999.8
2023-12-01 00:00:00+00:00,,,,,,,2.19,79.83,992.89
2023-12-02 00:00:00+00:00,,,,,,,2.34,96.94,983.32
2023-12-03 00:00:00+00:00,,,,,,,-1.11,72.06,996.61
2023-12-04 00:00:00+00:00,,,,,,,6.65,98.71,990.53
2023-12-05 00:00:00+00:00,,,,,,,-1.11,82.21,990.59
2023-12-06 00:00:00+00:00,,,,,,,-7.39,70.04,1005.32
2023-12-07 00:00:00+00:00,,,,,,,-11.41,68.3,1010.72
2023-12-08 00:00:00+00:00,,,,,,,-20.05,58.18,1016.42
2023-12-09 00:00:00+00:00,,,,,,,-19.01,56.34,1016.68
2023-12-10 00:00:00+00:00,,,,,,,-17.89,56.43,1014.47
2023-12-11 00:00:00+00:00,,,,,,,-20.2,54.09,1022.45
2023-12-12 00:00:00+00:00,,,,,,,-22.92,55.74,1028.75
2023-12-13 00:00:00+00:00,,,,,,,-15.76,54.59,1022.9
2023-12-14 00:00:00+00:00,,,,,,,-13.79,51.54,1016.77
2023-12-15 00:00:00+00:00,,,,,,,-11.18,52.78,1008.63
2023-12-16 00:00:00+00:00,,,,,,,-8.19,64.48,1001.85
2023-12-17 00:00:00+00:00,,,,,,,-5.43,70.12,997.56
2023-12-18 00:00:00+00:00,,,,,,,-5.47,79.19,990.57
2023-12-19 00:00:00+00:00,,,,,,,0.22,83.99,989.63
2023-12-20 00:00:00+00:00,,,,,,,1.33,81.84,996.74
2023-12-21 00:00:00+00:00,,,,,,,5.09,75.55,1000.17
2023-12-22 00:00:00+00:00,,,,,,,0.97,72.2,989.5
2023-12-23 00:00:00+00:00,,,,,,,-0.26,72.43,977.28
2023-12-24 00:00:00+00:00,,,,,,,2.64,80.58,971.78
2023-12-25 00:00:00+00:00,,,,,,,2.81,69.75,975.31
2023-12-26 00:00:00+00:00,,,,,,,1.13,73.06,976.1
2023-12-27 00:00:00+00:00,,,,,,,3.59,77.61,980.25
2023-12-28 00:00:00+00:00,,,,,,,4.21,80.7,969.67
2023-12-29 00:00:00+00:00,,,,,,,-1.98,68.63,985.43
2023-12-30 00:00:00+00:00,,,,,,,3.72,80.56,986.27
2023-12-31 00:00:00+00:00,,,,,,,4.01,82.01,988.07
2024-01-01 00:00:00+00:00,,,,,,,3.68,73.8,982.49
2024-01-02 00:00:00+00:00,,,,,,,-1.67,60.96,995.2
2024-01-03 00:00:00+00:00,,,,,,,3.64,64.68,985.42
2024-01-04 00:00:00+00:00,,,,,,,2.76,68.13,981.23
2024-01-05 00:00:00+00:00,,,,,,,4.67,73.44,984.74
2024-01-06 00:00:00+00:00,,,,,,,5.55,74.79,988.3
2024-01-07 00:00:00+00:00,,,,,,,1.88,66.65,984.79
2024-01-08 00:00:00+00:00,,,,,,,-15.72,51.67,994.94
2024-01-09 00:00:00+00:00,,,,,,,-7.43,50.77,984.07
2024-01-10 00:00:00+00:00,,,,,,,-15.11,53.72,982.41
2024-01-11 00:00:00+00:00,,,,,,,-15.02,54.64,990.36
2024-01-12 00:00:00+00:00,,,,,,,1.54,59.76,973.86
2024-01-13 00:00:00+00:00,,,,,,,-9.94,42.58,978.76
2024-01-14 00:00:00+00:00,,,,,,,-16.82,41.32,999.2
2024-01-15 00:00:00+00:00,,,,,,,-16.78,42.65,1007.05
2024-01-16 00:00:00+00:00,,,,,,,-11.6,41.44,1005.76
2024-01-17 00:00:00+00:00,,,,,,,-2.23,46.97,999.69
2024-01-18 00:00:00+00:00,,,,,,,1.27,44.76,1002.3
2024-01-19 00:00:00+00:00,,,,,,,-1.2,48.05,1008.0
2024-01-20 00:00:00+00:00,,,,,,,-1.72,40.97,1005.12
2024-01-21 00:00:00+00:00,,,,,,,1.35,39.22,999.39
2024-01-22 00:00:00+00:00,,,,,,,2.2,45.91,1002.31
2024-01-23 00:00:00+00:00,,,,,,,-5.69,42.76,1006.22
2024-01-24 00:00:00+00:00,,,,,,,-7.97,47.53,1000.27
2024-01-25 00:00:00+00:00,,,,,,,-6.42,41.8,998.04
2024-01-26 00:00:00+00:00,,,,,,,-6.59,45.41,1002.78
2024-01-27 00:00:00+00:00,,,,,,,-6.41,45.59,1003.17
2024-01-28 00:00:00+00:00,,,,,,,-4.91,43.49,1003.56
2024-01-29 00:00:00+00:00,,,,,,,-7.25,46.23,1004.22
2024-01-30 00:00:00+00:00,,,,,,,-1.97,52.89,996.92
2024-01-31 00:00:00+00:00,,,,,,,1.93,60.15,987.74
2024-02-01 00:00:00+00:00,,,,,,,-1.98,57.04,994.19
2024-02-02 00:00:00+00:00,,,,,,,3.53,60.99,982.13
2024-02-03 00:00:00+00:00,,,,,,,5.11,61.84,981.04
2024-02-04 00:00:00+00:00,,,,,,,3.57,59.05,982.01
2024-02-05 00:00:00+00:00,,,,,,,11.78,48.94,975.09
2024-02-06 00:00:00+00:00,,,,,,,9.84,54.79,959.62
2024-02-07 00:00:00+00:00,,,,,,,-2.25,84.38,956.88
2024-02-15 00:00:00+00:00,,,,,,,-16.39,44.97,1016.34
2024-02-16 00:00:00+00:00,,,,,,,-14.48,43.64,1024.15
2024-02-17 00:00:00+00:00,,,,,,,-7.97,41.6,1019.2
2024-02-18 00:00:00+00:00,,,,,,,-9.23,39.22,1013.12
2024-02-19 00:00:00+00:00,,,,,,,-12.08,43.46,1008.25
2024-02-20 00:00:00+00:00,,,,,,,-13.28,44.64,1007.48
2024-02-21 00:00:00+00:00,,,,,,,-14.91,47.59,1006.89
2024-02-22 00:00:00+00:00,,,,,,,-15.01,47.94,1008.86
2024-02-23 00:00:00+00:00,,,,,,,-15.05,49.62,1012.75
2024-02-24 00:00:00+00:00,,,,,,,-12.4,46.8,1017.93
2024-02-25 00:00:00+00:00,,,,,,,-10.74,49.5,1018.93
2024-02-26 00:00:00+00:00,,,,,,,-9.64,50.4,1016.03
2024-02-27 00:00:00+00:00,,,,,,,-2.94,53.84,1016.06
2024-02-28 00:00:00+00:00,,,,,,,-1.61,53.84,1014.55
2024-02-29 00:00:00+00:00,,,,,,,-0.94,46.7,1011.16
2024-03-01 00:00:00+00:00,,,,,,,-1.64,56.86,1007.34
2024-03-02 00:00:00+00:00,,,,,,,-2.67,54.65,1009.45
2024-03-03 00:00:00+00:00,,,,,,,-4.76,56.63,1007.97
2024-03-04 00:00:00+00:00,,,,,,,-5.73,60.64,1003.28
2024-03-05 00:00:00+00:00,,,,,,,-4.76,55.02,998.68
2024-03-06 00:00:00+00:00,,,,,,,-4.62,55.56,995.13
2024-03-07 00:00:00+00:00,,,,,,,-5.76,55.8,993.69
2024-03-08 00:00:00+00:00,,,,,,,-5.49,53.92,989.13
2024-03-09 00:00:00+00:00,,,,,,,-4.96,51.05,987.17
2024-03-10 00:00:00+00:00,,,,,,,-1.32,58.32,989.73
2024-03-11 00:00:00+00:00,,,,,,,2.29,59.9,992.87
2024-03-12 00:00:00+00:00,,,,,,,-5.82,54.07,993.16
2024-03-13 00:00:00+00:00,,,,,,,-3.17,57.05,1001.8
2024-03-14 00:00:00+00:00,,,,,,,-2.45,58.81,1010.7
2024-03-15 00:00:00+00:00,,,,,,,-0.21,59.15,1010.31
2024-03-16 00:00:00+00:00,,,,,,,-1.94,48.25,1007.88
2024-03-17 00:00:00+00:00,,,,,,,0.5,46.9,1000.3
2024-03-18 00:00:00+00:00,,,,,,,5.32,66.51,988.85
2024-03-19 00:00:00+00:00,,,,,,,5.66,60.07,994.14
2024-03-20 00:00:00+00:00,,,,,,,0.59,55.69,998.27
2024-03-21 00:00:00+00:00,,,,,,,2.17,46.2,998.7
2024-03-22 00:00:00+00:00,,,,,,,2.25,47.05,995.28
2024-03-23 00:00:00+00:00,,,,,,,6.07,54.7,991.74
2024-03-24 00:00:00+00:00,,,,,,,6.94,59.37,991.73
2024-03-25 00:00:00+00:00,,,,,,,7.74,63.59,990.11
2024-03-26 00:00:00+00:00,,,,,,,9.09,67.51,973.05
2024-03-27 00:00:00+00:00,,,,,,,8.42,69.3,974.15
2024-03-28 00:00:00+00:00,,,,,,,6.35,68.28,973.51
2024-03-29 00:00:00+00:00,,,,,,,3.82,57.31,982.63
2024-03-30 00:00:00+00:00,,,,,,,5.05,55.15,999.41
2024-03-31 00:00:00+00:00,,,,,,,8.51,58.61,1003.31
2024-04-01 00:00:00+00:00,,,,,,,11.16,56.4,1001.14
2024-04-02 00:00:00+00:00,,,,,,,14.68,55.72,998.83
2024-04-03 00:00:00+00:00,,,,,,,14.78,53.52,998.29
2024-04-04 00:00:00+00:00,,,,,,,15.02,50.77,993.86
2024-04-05 00:00:00+00:00,,,,,,,16.64,48.61,991.47
2024-04-06 00:00:00+00:00,,,,,,,15.77,57.11,992.09
2024-04-07 00:00:00+00:00,,,,,,,14.37,62.43,991.07
2024-04-08 00:00:00+00:00,,,,,,,12.2,58.28,994.15
2024-04-09 00:00:00+00:00,,,,,,,17.02,54.21,993.1
2024-04-10 00:00:00+00:00,,,,,,,14.78,62.66,994.73
2024-04-11 00:00:00+00:00,,,,,,,15.48,47.41,997.78
2024-04-12 00:00:00+00:00,,,,,,,17.78,44.97,990.84
2024-04-13 00:00:00+00:00,,,,,,,17.78,50.51,981.63
2024-04-14 00:00:00+00:00,,,,,,,12.46,43.08,988.35
2024-04-15 00:00:00+00:00,,,,,,,17.32,41.27,989.19
2024-04-16 00:00:00+00:00,,,,,,,17.98,62.99,985.33
2024-04-17 00:00:00+00:00,,,,,,,21.93,46.43,991.49
2024-04-18 00:00:00+00:00,,,,,,,24.95,34.99,994.09
2024-04-19 00:00:00+00:00,,,,,,,23.01,47.98,995.35
2024-04-20 00:00:00+00:00,,,,,,,23.18,47.77,996.43
2024-04-21 00:00:00+00:00,,,,,,,23.34,45.82,995.89
2024-04-22 00:00:00+00:00,,,,,,,22.46,43.87,994.15
2024-04-23 00:00:00+00:00,,,,,,,23.06,44.55,989.06
2024-04-24 00:00:00+00:00,,,,,,,17.73,76.76,986.75
2024-04-25 00:00:00+00:00,,,,,,,17.22,64.22,994.69
2024-04-26 00:00:00+00:00,,,,,,,18.03,45.74,1002.15
2024-04-27 00:00:00+00:00,,,,,,,19.73,31.12,1004.53
2024-04-28 00:00:00+00:00,,,,,,,21.43,30.57,1000.79
2024-04-29 00:00:00+00:00,,,,,,,21.87,32.94,995.39
2024-04-30 00:00:00+00:00,,,,,,,12.27,66.88,997.13
2024-05-01 00:00:00+00:00,,,,,,,16.26,48.75,988.56
2024-05-02 00:00:00+00:00,,,,,,,12.62,56.38,982.67
2024-05-03 00:00:00+00:00,,,,,,,11.12,60.99,977.29
2024-05-04 00:00:00+00:00,,,,,,,9.59,43.69,980.12
2024-05-05 00:00:00+00:00,,,,,,,9.77,32.22,988.5
2024-05-06 00:00:00+00:00,,,,,,,13.45,30.25,989.27
2024-05-07 00:00:00+00:00,,,,,,,15.96,41.64,992.82
2024-05-08 00:00:00+00:00,,,,,,,15.64,80.62,977.29
2024-05-09 00:00:00+00:00,,,,,,,8.86,50.01,988.49
2024-05-10 00:00:00+00:00,,,,,,,8.09,46.87,997.08
2024-05-11 00:00:00+00:00,,,,,,,13.53,37.34,993.35
2024-05-12 00:00:00+00:00,,,,,,,17.86,59.09,981.05
2024-05-13 00:00:00+00:00,,,,,,,12.05,71.95,980.87
2024-05-14 00:00:00+00:00,,,,,,,10.78,48.32,989.52
2024-05-15 00:00:00+00:00,,,,,,,15.34,36.35,995.34
2024-05-16 00:00:00+00:00,,,,,,,16.29,45.45,992.94
2024-05-17 00:00:00+00:00,,,,,,,15.8,60.79,988.72
2024-05-18 00:00:00+00:00,,,,,,,17.7,44.59,982.51
2024-05-19 00:00:00+00:00,,,,,,,14.47,48.86,986.54
2024-05-20 00:00:00+00:00,,,,,,,17.2,38.61,991.76
2024-05-21 00:00:00+00:00,,,,,,,26.57,20.59,993.33
2024-05-22 00:00:00+00:00,,,,,,,23.5,28.12,992.72
2024-05-23 00:00:00+00:00,,,,,,,18.27,44.1,991.84
2024-05-24 00:00:00+00:00,,,,,,,9.35,50.6,998.4
2024-05-25 00:00:00+00:00,,,,,,,16.12,39.1,996.95
2024-05-26 00:00:00+00:00,,,,,,,20.82,33.21,993.16
2024-05-27 00:00:00+00:00,,,,,,,14.82,37.21,997.3
2024-05-28 00:00:00+00:00,,,,,,,16.82,34.49,1000.34
2024-05-29 00:00:00+00:00,,,,,,,20.9,31.77,994.36
2024-05-30 00:00:00+00:00,,,,,,,24.94,27.98,993.92
2024-05-31 00:00:00+00:00,,,,,,,28.1,28.11,994.93
2024-06-14 00:00:00+00:00,,,,,,,26.73,53.26,989.51
2024-06-15 00:00:00+00:00,,,,,,,30.24,41.63,988.92
2024-06-16 00:00:00+00:00,,,,,,,29.98,43.19,989.89
2024-06-17 00:00:00+00:00,,,,,,,35.65,27.82,990.85
2024-06-18 00:00:00+00:00,,,,,,,31.38,33.33,990.27
2024-06-19 00:00:00+00:00,,,,,,,27.77,48.53,985.23
2024-06-20 00:00:00+00:00,,,,,,,25.67,47.78,982.18
2024-06-21 00:00:00+00:00,,,,,,,27.4,37.74,978.47
2024-06-22 00:00:00+00:00,,,,,,,25.55,41.99,975.18
2024-06-23 00:00:00+00:00,,,,,,,21.37,58.64,971.43
2024-06-24 00:00:00+00:00,,,,,,,15.25,93.43,975.83
2024-06-25 00:00:00+00:00,,,,,,,19.75,77.94,978.03
2024-06-26 00:00:00+00:00,,,,,,,19.14,88.47,979.89
2024-06-27 00:00:00+00:00,,,,,,,17.17,99.79,980.87
2024-06-28 00:00:00+00:00,,,,,,,16.07,92.35,975.49
2024-06-29 00:00:00+00:00,,,,,,,16.09,95.6,974.36
2024-06-30 00:00:00+00:00,,,,,,,16.16,66.77,980.4
2024-07-01 00:00:00+00:00,,,,,,,22.31,49.91,982.07
2024-07-02 00:00:00+00:00,,,,,,,24.46,61.81,982.5
2024-07-03 00:00:00+00:00,,,,,,,25.83,65.0,984.84
2024-07-04 00:00:00+00:00,,,,,,,27.52,50.66,989.5
2024-07-05 00:00:00+00:00,,,,,,,29.33,52.26,987.32
2024-07-06 00:00:00+00:00,,,,,,,28.73,59.67,984.49
2024-07-07 00:00:00+00:00,,,,,,,27.74,55.03,987.24
2024-07-08 00:00:00+00:00,,,,,,,28.76,50.04,987.28
2024-07-09 00:00:00+00:00,,,,,,,25.35,42.89,987.12
2024-07-10 00:00:00+00:00,,,,,,,26.21,52.96,983.63
2024-07-11 00:00:00+00:00,,,,,,,22.54,61.97,981.45
2024-07-12 00:00:00+00:00,,,,,,,21.25,70.64,977.25
2024-07-13 00:00:00+00:00,,,,,,,20.25,84.37,974.77
2024-07-14 00:00:00+00:00,,,,,,,22.81,80.47,979.27
2024-07-15 00:00:00+00:00,,,,,,,20.83,92.54,983.57
2024-07-16 00:00:00+00:00,,,,,,,19.68,89.86,986.23
2024-07-17 00:00:00+00:00,,,,,,,19.82,80.31,987.85
2024-07-18 00:00:00+00:00,,,,,,,23.29,66.48,983.79
2024-07-19 00:00:00+00:00,,,,,,,22.07,70.5,980.12
2024-07-20 00:00:00+00:00,,,,,,,25.31,53.92,981.29
2024-07-21 00:00:00+00:00,,,,,,,27.15,47.34,980.39
2024-07-22 00:00:00+00:00,,,,,,,25.92,50.35,980.2
2024-07-23 00:00:00+00:00,,,,,,,25.24,56.03,980.97
2024-07-24 00:00:00+00:00,,,,,,,23.64,79.92,977.19
2024-07-25 00:00:00+00:00,,,,,,,18.05,93.49,969.05
2024-07-26 00:00:00+00:00,,,,,,,18.88,60.28,976.58
2024-07-27 00:00:00+00:00,,,,,,,18.45,54.02,983.61
2024-07-28 00:00:00+00:00,,,,,,,22.86,43.31,984.57
2024-07-29 00:00:00+00:00,,,,,,,21.53,63.78,982.39
2024-07-30 00:00:00+00:00,,,,,,,26.3,36.69,981.89
2024-07-31 00:00:00+00:00,,,,,,,26.73,37.4,978.14
2024-08-01 00:00:00+00:00,,,,,,,25.84,46.95,978.66
2024-08-02 00:00:00+00:00,,,,,,,25.54,34.44,978.96
2024-08-03 00:00:00+00:00,,,,,,,24.29,42.66,978.51
2024-08-04 00:00:00+00:00,,,,,,,22.66,49.94,982.14
2024-08-05 00:00:00+00:00,,,,,,,23.53,53.54,982.72
2024-08-06 00:00:00+00:00,,,,,,,24.84,51.81,980.93
2024-08-07 00:00:00+00:00,,,,,,,21.57,97.27,979.41
2024-08-08 00:00:00+00:00,,,,,,,19.07,100.0,979.89
2024-08-09 00:00:00+00:00,,,,,,,17.19,100.0,984.77
2024-08-10 00:00:00+00:00,,,,,,,21.81,77.86,984.44
2024-08-11 00:00:00+00:00,,,,,,,20.99,76.88,981.05
2024-08-12 00:00:00+00:00,,,,,,,20.3,67.05,977.28
2024-08-13 00:00:00+00:00,,,,,,,20.51,48.04,977.48
2024-08-14 00:00:00+00:00,,,,,,,18.64,56.57,980.29
2024-08-15 00:00:00+00:00,,,,,,,18.95,62.85,980.7
2024-08-16 00:00:00+00:00,,,,,,,18.07,61.68,980.87
2024-08-17 00:00:00+00:00,,,,,,,17.01,85.37,980.91
2024-08-18 00:00:00+00:00,,,,,,,19.89,64.73,987.13
2024-08-19 00:00:00+00:00,,,,,,,21.78,63.99,986.47
2024-08-20 00:00:00+00:00,,,,,,,19.47,64.7,989.8
2024-08-21 00:00:00+00:00,,,,,,,21.43,78.79,984.44
2024-08-22 00:00:00+00:00,,,,,,,17.2,69.3,985.37
2024-08-23 00:00:00+00:00,,,,,,,18.1,71.06,987.38
2024-08-24 00:00:00+00:00,,,,,,,18.36,59.55,992.74
2024-08-25 00:00:00+00:00,,,,,,,20.04,58.91,992.93
2024-08-26 00:00:00+00:00,,,,,,,20.69,60.99,991.76
2024-08-27 00:00:00+00:00,,,,,,,18.45,61.81,996.69
2024-08-28 00:00:00+00:00,,,,,,,19.68,59.08,999.49
2024-08-29 00:00:00+00:00,,,,,,,22.61,59.43,996.21
2024-08-30 00:00:00+00:00,,,,,,,21.78,53.16,995.95
2024-08-31 00:00:00+00:00,,,,,,,18.27,53.6,999.31
2024-09-01 00:00:00+00:00,,,,,,,18.63,47.6,1003.34
2024-09-02 00:00:00+00:00,,,,,,,19.39,38.95,1004.08
2024-09-03 00:00:00+00:00,,,,,,,19.11,41.63,996.41
2024-09-04 00:00:00+00:00,,,,,,,16.1,57.33,995.31
2024-09-05 00:00:00+00:00,,,,,,,12.47,63.84,1000.09
2024-09-06 00:00:00+00:00,,,,,,,12.01,61.7,1001.37
2024-09-07 00:00:00+00:00,,,,,,,19.27,56.19,999.11
2024-09-08 00:00:00+00:00,,,,,,,17.2,57.41,1001.1
2024-09-09 00:00:00+00:00,,,,,,,19.62,57.68,1001.44
2024-09-10 00:00:00+00:00,,,,,,,20.47,54.74,1000.18
2024-09-11 00:00:00+00:00,,,,,,,19.64,47.34,1001.78
2024-09-12 00:00:00+00:00,,,,,,,17.07,46.72,1002.83
2024-09-13 00:00:00+00:00,,,,,,,16.63,50.36,1003.52
2024-09-14 00:00:00+00:00,,,,,,,16.77,57.7,1000.64
2024-09-15 00:00:00+00:00,,,,,,,18.45,47.67,999.92
2024-09-16 00:00:00+00:00,,,,,,,15.24,52.77,1001.69
2024-09-17 00:00:00+00:00,,,,,,,12.05,36.09,1005.29
2024-09-18 00:00:00+00:00,,,,,,,11.84,38.29,1001.81
2024-09-19 00:00:00+00:00,,,,,,,11.66,40.88,996.07
2024-09-20 00:00:00+00:00,,,,,,,15.0,40.99,991.98
2024-09-21 00:00:00+00:00,,,,,,,14.55,49.97,990.46
2024-09-22 00:00:00+00:00,,,,,,,16.95,47.24,990.15
2024-09-23 00:00:00+00:00,,,,,,,10.35,44.03,995.95
2024-09-24 00:00:00+00:00,,,,,,,10.21,42.07,1000.55
2024-09-25 00:00:00+00:00,,,,,,,8.47,46.03,1002.21
2024-09-26 00:00:00+00:00,,,,,,,9.22,46.45,1006.36
2024-09-27 00:00:00+00:00,,,,,,,11.31,55.74,1008.6
2024-09-28 00:00:00+00:00,,,,,,,12.03,58.86,1010.91
2024-09-29 00:00:00+00:00,,,,,,,12.3,55.57,1009.31
2024-09-30 00:00:00+00:00,,,,,,,13.48,39.13,1003.2
2024-10-01 00:00:00+00:00,,,,,,,14.39,26.75,995.41
2024-10-02 00:00:00+00:00,,,,,,,13.01,34.74,997.57
2024-10-03 00:00:00+00:00,,,,,,,8.84,30.29,1000.1
2024-10-04 00:00:00+00:00,,,,,,,8.56,38.44,995.67
2024-10-05 00:00:00+00:00,,,,,,,11.16,35.01,992.77
2024-10-06 00:00:00+00:00,,,,,,,16.05,31.69,994.47
2024-10-07 00:00:00+00:00,,,,,,,15.58,47.05,1000.41
2024-10-08 00:00:00+00:00,,,,,,,15.39,29.55,994.61
2024-10-09 00:00:00+00:00,,,,,,,15.03,38.33,981.71
2024-10-10 00:00:00+00:00,,,,,,,11.44,68.77,978.48
2024-10-11 00:00:00+00:00,,,,,,,4.01,60.66,992.09
2024-10-12 00:00:00+00:00,,,,,,,0.72,60.63,1002.78
2024-10-13 00:00:00+00:00,,,,,,,-0.1,59.39,1006.12
2024-10-14 00:00:00+00:00,,,,,,,0.8,52.79,1002.81
2024-10-15 00:00:00+00:00,,,,,,,1.77,45.86,1003.79
2024-10-16 00:00:00+00:00,,,,,,,5.07,34.45,1004.07
2024-10-17 00:00:00+00:00,,,,,,,5.03,46.42,1003.07
2024-10-18 00:00:00+00:00,,,,,,,8.19,69.47,1000.73
2024-10-19 00:00:00+00:00,,,,,,,10.54,61.22,997.77
2024-10-20 00:00:00+00:00,,,,,,,9.86,79.43,990.92
2024-10-21 00:00:00+00:00,,,,,,,7.85,100.0,989.92
2024-10-22 00:00:00+00:00,,,,,,,4.26,91.27,994.04
2024-10-23 00:00:00+00:00,,,,,,,6.99,99.56,989.99
2024-10-24 00:00:00+00:00,,,,,,,9.07,86.76,985.48
2024-10-25 00:00:00+00:00,,,,,,,7.91,72.63,989.45
2024-10-26 00:00:00+00:00,,,,,,,6.91,97.43,992.55
2024-10-27 00:00:00+00:00,,,,,,,4.71,85.05,993.25
2024-10-28 00:00:00+00:00,,,,,,,5.6,85.35,995.4
2024-10-29 00:00:00+00:00,,,,,,,3.98,88.48,995.89
2024-10-30 00:00:00+00:00,,,,,,,2.79,93.63,993.79
2024-10-31 00:00:00+00:00,,,,,,,5.76,84.56,992.49
2024-11-01 00:00:00+00:00,,,,,,,3.59,91.08,986.24
2024-11-02 00:00:00+00:00,,,,,,,9.64,100.0,975.81
2024-11-03 00:00:00+00:00,,,,,,,1.13,81.37,985.78
2024-11-04 00:00:00+00:00,,,,,,,0.28,76.22,989.39
2024-11-05 00:00:00+00:00,,,,,,,0.92,100.0,978.88
2024-11-06 00:00:00+00:00,,,,,,,-3.26,94.8,981.07
2024-11-07 00:00:00+00:00,,,,,,,-2.74,86.02,996.79
2024-11-08 00:00:00+00:00,,,,,,,-0.12,90.15,1002.08
2024-11-09 00:00:00+00:00,,,,,,,1.3,100.0,996.34
2024-11-10 00:00:00+00:00,,,,,,,2.52,100.0,991.62
2024-11-11 00:00:00+00:00,,,,,,,-2.76,78.36,1002.9
2024-11-12 00:00:00+00:00,,,,,,,-1.65,80.26,1004.9
2024-11-13 00:00:00+00:00,,,,,,,-0.3,81.31,1002.73
2024-11-14 00:00:00+00:00,,,,,,,-0.08,87.45,1000.91
2024-11-15 00:00:00+00:00,,,,,,,1.3,75.72,997.55
2024-11-16 00:00:00+00:00,,,,,,,1.62,85.1,993.29
2024-11-17 00:00:00+00:00,,,,,,,-0.42,88.0,994.07
2024-11-18 00:00:00+00:00,,,,,,,-0.89,92.32,996.28
2024-11-19 00:00:00+00:00,,,,,,,0.2,89.63,995.43
2024-11-20 00:00:00+00:00,,,,,,,1.35,98.62,997.4
2024-11-21 00:00:00+00:00,,,,,,,-3.12,96.83,1006.96
2024-11-22 00:00:00+00:00,,,,,,,-1.17,84.5,1008.77
2024-11-23 00:00:00+00:00,,,,,,,-0.98,85.73,1012.4
2024-11-24 00:00:00+00:00,,,,,,,-0.11,54.94,1006.24
2024-11-25 00:00:00+00:00,,,,,,,-0.64,71.81,1003.65
2024-11-26 00:00:00+00:00,,,,,,,-3.22,81.42,1003.9
2024-11-27 00:00:00+00:00,,,,,,,-4.55,76.81,999.73
2024-11-28 00:00:00+00:00,,,,,,,-5.55,76.06,995.5
2024-11-29 00:00:00+00:00,,,,,,,-5.12,79.0,996.96
2024-11-30 00:00:00+00:00,,,,,,,-3.27,84.64,999.59
2024-12-01 00:00:00+00:00,,,,,,,-0.67,85.11,1005.0
2024-12-02 00:00:00+00:00,,,,,,,-1.02,88.57,1005.84
2024-12-03 00:00:00+00:00,,,,,,,-1.86,90.16,1007.51
2024-12-04 00:00:00+00:00,,,,,,,-2.66,89.57,1006.35
2024-12-05 00:00:00+00:00,,,,,,,-4.32,90.58,1005.67
2024-12-06 00:00:00+00:00,,,,,,,-5.05,79.91,1011.26
2024-12-07 00:00:00+00:00,,,,,,,-10.84,81.16,1018.54
2024-12-08 00:00:00+00:00,,,,,,,-12.19,76.52,1020.06
2024-12-09 00:00:00+00:00,,,,,,,-9.21,74.78,1018.89
2024-12-10 00:00:00+00:00,,,,,,,-6.99,70.69,1011.52
2024-12-11 00:00:00+00:00,,,,,,,-4.26,66.59,998.6
2024-12-12 00:00:00+00:00,,,,,,,-2.04,71.84,983.69
2024-12-13 00:00:00+00:00,,,,,,,-3.2,79.93,978.39
2024-12-14 00:00:00+00:00,0.68,0.75,0.5,0.4,,405.5,-6.36,77.53,983.68
2024-12-15 00:00:00+00:00,0.68,0.75,0.5,0.26,,364.94,-10.0,77.36,999.13
2024-12-16 00:00:00+00:00,0.675,0.745,0.49666666666666665,0.19,,305.16,-3.92,82.16,991.48
2024-12-17 00:00:00+00:00,0.675,0.75,0.5,0.56,,405.28,-1.21,90.87,976.48
2024-12-18 00:00:00+00:00,0.68,0.75,0.5,0.72,,394.99,0.8,86.84,969.71
2024-12-19 00:00:00+00:00,0.68,0.75,0.5,0.63,,456.84,-3.61,76.84,978.37
2024-12-20 00:00:00+00:00,0.675,0.75,0.5,0.21,,436.16,-4.69,75.28,998.11
2024-12-21 00:00:00+00:00,0.675,0.745,0.49666666666666665,0.24,,402.24,-5.3,74.94,1005.18
2024-12-22 00:00:00+00:00,0.675,0.745,0.49666666666666665,0.21,,351.59,-5.5,76.23,1005.16
2024-12-23 00:00:00+00:00,0.68,0.75,0.5,0.21,,517.61,-8.94,67.97,1005.24
2024-12-24 00:00:00+00:00,0.68,0.75,0.5,0.28,,540.59,-8.03,69.44,1003.74
2024-12-25 00:00:00+00:00,0.68,0.75,0.5,0.22,,880.61,-5.54,72.03,1004.94
2024-12-26 00:00:00+00:00,0.675,0.745,0.49666666666666665,0.24,,645.34,-1.05,77.59,1006.19
2024-12-27 00:00:00+00:00,0.675,0.745,0.49666666666666665,0.22,,424.74,-1.11,81.94,1004.74
2024-12-28 00:00:00+00:00,0.68,0.745,0.49666666666666665,0.25,,451.55,-1.6,84.73,1001.52
2024-12-29 00:00:00+00:00,0.68,0.75,0.5,0.27,,919.99,-1.88,76.22,997.86
2024-12-30 00:00:00+00:00,0.675,0.745,0.49666666666666665,0.27,,831.33,0.23,84.01,999.13
2024-12-31 00:00:00+00:00,0.675,0.745,0.49666666666666665,0.2,,414.39,-0.26,81.2,995.5
2025-01-01 00:00:00+00:00,0.68,0.75,0.5,0.38,,321.04,-1.68,85.59,985.81
2025-01-02 00:00:00+00:00,1.36,1.5,1.5,0.47,,360.25,,,
2025-01-03 00:00:00+00:00,1.35,1.49,1.49,0.26,,337.88,,,
2025-01-04 00:00:00+00:00,1.35,1.49,1.49,0.23,,427.88,,,
2025-01-05 00:00:00+00:00,1.35,1.49,1.49,0.34,,392.82,,,
2025-01-06 00:00:00+00:00,1.35,1.49,1.49,0.21,,537.69,,,
2025-01-07 00:00:00+00:00,0.675,0.745,0.49666666666666665,0.26,,412.15,-6.63,74.69,1012.14
2025-01-08 00:00:00+00:00,0.675,0.745,0.49666666666666665,0.16,,392.83,-2.82,69.03,1012.66
2025-01-09 00:00:00+00:00,0.675,0.745,0.49666666666666665,0.24,,394.65,-3.47,56.75,1007.12
2025-01-10 00:00:00+00:00,0.675,0.745,0.49666666666666665,0.28,,506.7,-2.41,66.34,1006.83
2025-01-11 00:00:00+00:00,0.675,0.745,0.49666666666666665,0.18,,752.48,-6.36,70.31,1005.87
2025-01-12 00:00:00+00:00,0.675,0.745,0.49666666666666665,0.22,,648.02,-3.9,58.48,1003.03
2025-01-13 00:00:00+00:00,0.675,0.745,0.49666666666666665,0.25,,689.63,-6.61,68.09,1000.96
2025-01-14 00:00:00+00:00,0.68,0.75,0.5,0.2,,660.43,-1.48,77.62,995.26
2025-01-15 00:00:00+00:00,0.68,0.75,0.5,0.26,,454.57,-3.63,76.27,994.19
2025-01-16 00:00:00+00:00,0.68,0.75,0.5,0.56,,404.18,-2.35,78.66,986.65
2025-01-17 00:00:00+00:00,0.685,0.75,0.5,0.61,,462.0,-9.06,68.84,989.39
2025-01-18 00:00:00+00:00,0.68,0.75,0.5,0.55,,502.91,-2.04,73.58,986.47
2025-01-19 00:00:00+00:00,0.68,0.75,0.5,0.67,,529.09,0.85,85.28,983.59
2025-01-20 00:00:00+00:00,0.68,0.75,0.5,0.56,,406.05,0.34,85.36,977.65
2025-01-21 00:00:00+00:00,0.685,0.755,0.5033333333333333,0.79,,314.67,-7.91,75.31,981.89
2025-01-22 00:00:00+00:00,0.665,0.735,0.49,0.26,,324.18,-17.35,65.66,1008.41
2025-01-23 00:00:00+00:00,0.63,0.7,0.4666666666666666,0.21,,547.9,-17.47,57.01,1021.93
2025-01-24 00:00:00+00:00,0.64,0.71,0.47333333333333333,0.22,,400.77,-14.38,52.76,1011.21
2025-01-25 00:00:00+00:00,0.675,0.745,0.49666666666666665,0.19,,429.12,-9.94,57.5,1003.53
2025-01-26 00:00:00+00:00,0.685,0.755,0.5033333333333333,0.19,,445.83,-6.02,70.16,1003.17
2025-01-27 00:00:00+00:00,0.685,0.755,0.5033333333333333,0.24,,449.29,-5.29,79.33,1004.34
2025-01-28 00:00:00+00:00,0.68,0.75,0.5,0.22,,410.51,0.38,91.41,1000.4
2025-01-29 00:00:00+00:00,0.68,0.75,0.5,0.24,,387.81,1.7,92.49,1001.33
2025-01-30 00:00:00+00:00,0.68,0.75,0.5,0.16,,409.86,1.14,77.39,1006.39
2025-01-31 00:00:00+00:00,0.68,0.75,0.5,0.17,,426.4,1.6,85.07,1006.13
2025-02-01 00:00:00+00:00,0.68,0.75,0.5,0.23,,561.29,3.11,83.74,1008.26
2025-02-02 00:00:00+00:00,0.68,0.75,0.5,0.17,,487.06,2.76,75.56,1007.26
2025-02-03 00:00:00+00:00,0.68,0.75,0.5,0.2,,408.39,-0.02,69.09,1004.16
2025-02-04 00:00:00+00:00,0.68,0.75,0.5,0.23,,440.01,-5.44,65.18,1006.79
2025-02-05 00:00:00+00:00,0.685,0.755,0.5033333333333333,0.22,,398.64,-2.87,53.37,1009.39
2025-02-06 00:00:00+00:00,0.68,0.75,0.5,0.25,,361.88,-1.39,58.5,1014.29
2025-02-07 00:00:00+00:00,0.68,0.75,0.5,0.28,,357.98,-8.07,61.19,1015.28
2025-02-08 00:00:00+00:00,0.685,0.755,0.5033333333333333,0.21,,346.35,-6.83,59.91,1012.53
2025-02-09 00:00:00+00:00,0.685,0.755,0.5033333333333333,0.25,,470.33,-5.74,59.22,1011.87
2025-02-10 00:00:00+00:00,0.68,0.75,0.5,0.24,,638.84,-3.33,60.16,1009.98
2025-02-11 00:00:00+00:00,0.68,0.75,0.5,0.66,,776.0,-4.24,57.01,1004.12
2025-02-12 00:00:00+00:00,0.68,0.75,0.5,0.66,,583.13,-2.42,59.7,1001.76
2025-02-13 00:00:00+00:00,0.68,0.75,0.5,0.43,,454.78,-2.71,61.29,999.93
2025-02-14 00:00:00+00:00,0.68,0.75,0.5,0.47,,529.13,-2.57,61.27,997.89
2025-02-15 00:00:00+00:00,0.68,0.75,0.5,0.67,,469.87,-2.02,59.51,995.57
2025-02-16 00:00:00+00:00,0.68,0.75,0.5,0.44,,348.97,1.22,75.7,989.65
2025-02-17 00:00:00+00:00,0.68,0.745,0.49666666666666665,0.54,,522.02,-6.42,73.09,997.74
2025-02-18 00:00:00+00:00,0.68,0.75,0.5,0.44,,479.66,-13.6,63.72,1004.65
2025-02-19 00:00:00+00:00,0.68,0.75,0.5,0.54,,511.61,-10.42,58.26,1004.51
2025-02-20 00:00:00+00:00,0.68,0.75,0.5,0.48,,490.42,-9.33,63.65,1004.2
2025-02-21 00:00:00+00:00,0.68,0.75,0.5,0.4,,457.33,-6.7,71.8,1001.77
2025-02-22 00:00:00+00:00,0.68,0.75,0.5,0.37,,413.58,-4.65,73.77,994.54
2025-02-23 00:00:00+00:00,0.68,0.75,0.5,0.39,,529.9,-6.78,67.78,996.3
2025-02-24 00:00:00+00:00,0.68,0.75,0.5,0.56,,620.6,-11.67,66.06,996.86
2025-02-25 00:00:00+00:00,0.68,0.75,0.5,0.46,,641.59,-7.15,66.37,991.19
2025-02-26 00:00:00+00:00,0.68,0.75,0.5,0.72,,575.41,-10.6,69.08,993.91
2025-02-27 00:00:00+00:00,0.68,0.75,0.5,0.54,,441.12,-1.86,73.11,993.89
2025-02-28 00:00:00+00:00,0.68,0.75,0.5,0.35,,449.76,-4.45,57.08,999.51
2025-03-01 00:00:00+00:00,0.68,0.75,0.5,0.86,,431.83,-4.96,70.05,998.67
2025-03-02 00:00:00+00:00,0.68,0.75,0.5,0.5,,409.35,-4.44,66.29,994.93
2025-03-03 00:00:00+00:00,0.68,0.75,0.5,0.5,,494.97,-10.64,65.48,997.15
2025-03-04 00:00:00+00:00,0.68,0.75,0.5,0.65,,438.78,-7.44,69.89,996.51
2025-03-05 00:00:00+00:00,0.685,0.75,0.5,0.53,,461.44,-1.04,84.16,978.62
2025-03-06 00:00:00+00:00,0.685,0.75,0.5,0.34,,387.18,-0.37,88.75,975.12
2025-03-07 00:00:00+00:00,0.68,0.75,0.5,0.47,,459.93,2.63,88.03,978.28
2025-03-08 00:00:00+00:00,0.68,0.75,0.5,0.61,,353.72,2.27,81.47,982.6
2025-03-09 00:00:00+00:00,0.68,0.75,0.5,0.42,,422.28,-1.61,76.09,996.97
2025-03-10 00:00:00+00:00,0.675,0.75,0.5,0.41,,376.17,1.84,76.22,997.05
2025-03-11 00:00:00+00:00,0.675,0.745,0.49666666666666665,0.71,,498.38,2.13,85.36,1003.56
2025-03-12 00:00:00+00:00,0.675,0.745,0.49666666666666665,0.47,,428.89,2.99,84.85,999.12
2025-03-13 00:00:00+00:00,0.675,0.745,0.49666666666666665,0.47,,443.11,6.07,80.14,995.18
2025-03-14 00:00:00+00:00,0.675,0.745,0.49666666666666665,0.52,,737.69,6.33,86.64,998.62
2025-03-15 00:00:00+00:00,0.675,0.745,0.49666666666666665,0.61,,581.58,5.2,79.56,994.89
2025-03-16 00:00:00+00:00,0.675,0.745,0.49666666666666665,0.46,,487.16,8.3,72.77,988.43
2025-03-17 00:00:00+00:00,0.675,0.745,0.49666666666666665,0.59,,449.69,10.46,62.21,984.28
2025-03-18 00:00:00+00:00,0.675,0.745,0.49666666666666665,0.88,,621.95,10.18,69.54,982.54
2025-03-19 00:00:00+00:00,0.67,0.74,0.49333333333333335,0.86,,697.18,8.5,81.12,984.71
2025-03-20 00:00:00+00:00,0.67,0.74,0.49333333333333335,0.99,,455.89,3.4,63.09,992.41
2025-03-21 00:00:00+00:00,0.67,0.74,0.49333333333333335,0.88,,556.97,2.49,61.0,1002.96
2025-03-22 00:00:00+00:00,0.67,0.74,0.49333333333333335,0.9,,564.13,3.22,56.29,1001.57
2025-03-23 00:00:00+00:00,0.67,0.74,0.49333333333333335,1.12,,583.67,3.52,61.85,1002.72
2025-03-24 00:00:00+00:00,0.67,0.74,0.49333333333333335,1.05,,441.99,4.38,53.14,1005.12
2025-03-25 00:00:00+00:00,0.67,0.74,0.49333333333333335,0.87,,433.87,3.91,39.95,1009.52
2025-03-26 00:00:00+00:00,0.67,0.74,0.49333333333333335,0.82,,412.96,5.44,44.62,1005.27
2025-03-27 00:00:00+00:00,0.67,0.74,0.49333333333333335,0.9,,405.33,6.92,48.26,1002.72
2025-03-28 00:00:00+00:00,0.67,0.74,0.49333333333333335,0.94,,551.53,8.64,43.72,996.48
2025-03-29 00:00:00+00:00,0.67,0.74,0.49333333333333335,0.91,,514.86,7.92,50.34,998.26
2025-03-30 00:00:00+00:00,0.67,0.74,0.49333333333333335,0.93,,620.78,15.08,40.04,997.61
2025-03-31 00:00:00+00:00,0.67,0.74,0.49333333333333335,0.89,,612.94,14.49,45.98,997.45
2025-04-01 00:00:00+00:00,0.67,0.74,0.49333333333333335,0.96,,468.05,15.8,37.32,996.36
2025-04-02 00:00:00+00:00,0.67,0.74,0.49333333333333335,1.19,,402.07,16.1,46.02,987.45
2025-04-03 00:00:00+00:00,0.67,0.74,0.49333333333333335,0.89,,414.47,13.98,70.53,979.83
2025-04-04 00:00:00+00:00,0.67,0.735,0.49,0.89,,407.33,8.66,43.92,984.78
2025-04-05 00:00:00+00:00,0.665,0.74,0.49333333333333335,0.76,,371.14,15.01,47.59,985.95
2025-04-06 00:00:00+00:00,0.665,0.735,0.49,1.01,,465.02,15.82,64.18,981.48
2025-04-07 00:00:00+00:00,,,,,,,18.96,58.91,985.87
2025-04-08 00:00:00+00:00,0.665,0.735,0.49,1.18,,582.39,23.84,39.58,991.66
2025-04-09 00:00:00+00:00,0.665,0.735,0.49,0.81,,450.56,23.71,38.15,985.09
2025-04-10 00:00:00+00:00,0.665,0.735,0.49,0.87,,410.73,18.17,46.24,978.83
2025-04-11 00:00:00+00:00,0.66,0.73,0.48666666666666664,0.86,,309.67,11.42,59.92,980.66
2025-04-12 00:00:00+00:00,0.665,0.735,0.49,1.12,,375.44,13.88,41.76,991.4
2025-04-13 00:00:00+00:00,0.665,0.735,0.49,0.93,,473.19,15.51,34.76,994.14
2025-04-14 00:00:00+00:00,0.665,0.735,0.49,0.96,,1284.85,17.39,43.98,999.1
2025-04-15 00:00:00+00:00,0.665,0.735,0.49,1.1,,399.99,16.23,26.77,1005.3
2025-04-16 00:00:00+00:00,0.665,0.735,0.49,0.98,,468.51,19.5,26.96,999.76
2025-04-17 00:00:00+00:00,0.665,0.735,0.49,1.05,,387.73,19.73,23.21,998.8
2025-04-18 00:00:00+00:00,0.665,0.735,0.49,0.98,,988.89,22.28,25.55,995.13
2025-04-19 00:00:00+00:00,0.665,0.735,0.49,0.8,,539.91,25.77,26.69,995.43
2025-04-20 00:00:00+00:00,0.665,0.735,0.49,0.86,,405.42,24.12,27.6,996.32
2025-04-21 00:00:00+00:00,0.665,0.73,0.48666666666666664,1.12,,521.59,25.55,26.06,998.6
2025-04-22 00:00:00+00:00,0.66,0.735,0.49,0.98,,614.77,24.7,28.64,996.76
2025-04-23 00:00:00+00:00,0.66,0.735,0.49,1.04,,603.54,24.5,34.29,993.43
2025-04-24 00:00:00+00:00,0.66,0.73,0.48666666666666664,0.99,,481.01,23.53,41.64,987.36
2025-04-25 00:00:00+00:00,0.66,0.735,0.49,0.87,,477.41,22.64,47.28,978.68
2025-04-26 00:00:00+00:00,0.66,0.73,0.48666666666666664,1.0,,498.5,22.46,62.1,980.14
2025-04-27 00:00:00+00:00,0.66,0.73,0.48666666666666664,0.79,,394.53,25.12,50.95,979.69
2025-04-28 00:00:00+00:00,,,,,,,10.72,44.06,992.2
2025-04-29 00:00:00+00:00,0.66,0.73,0.48666666666666664,0.62,,326.45,10.81,33.46,1002.18
2025-04-30 00:00:00+00:00,0.66,0.725,0.48333333333333334,0.92,,417.14,16.57,27.13,999.83
2025-05-01 00:00:00+00:00,1.32,1.46,1.46,0.84,,378.06,,,
2025-05-02 00:00:00+00:00,1.32,1.46,1.46,0.8,,412.51,,,
2025-05-03 00:00:00+00:00,1.32,1.46,1.46,0.78,,339.13,,,
2025-05-04 00:00:00+00:00,1.32,1.46,1.46,1.12,,326.17,,,
2025-05-05 00:00:00+00:00,1.32,1.46,1.46,0.7,,545.45,,,
2025-05-06 00:00:00+00:00,1.32,1.46,1.46,0.87,,542.98,,,
2025-05-07 00:00:00+00:00,1.32,1.46,1.46,0.87,,676.85,,,
2025-05-08 00:00:00+00:00,1.32,1.46,1.46,0.99,,513.52,,,
2025-05-09 00:00:00+00:00,1.32,1.46,1.46,1.09,,493.58,,,
2025-05-10 00:00:00+00:00,0.655,0.725,0.48333333333333334,0.85,,385.44,24.99,38.85,989.7
2025-05-11 00:00:00+00:00,0.655,0.725,0.48333333333333334,0.91,,438.18,23.24,54.28,986.9
2025-05-12 00:00:00+00:00,0.655,0.725,0.48333333333333334,1.05,,478.01,23.1,63.5,984.29
2025-05-13 00:00:00+00:00,0.655,0.725,0.48333333333333334,0.98,,426.13,26.23,48.69,981.15
2025-05-14 00:00:00+00:00,0.655,0.725,0.48333333333333334,1.03,,394.18,24.2,68.23,980.82
2025-05-15 00:00:00+00:00,0.65,0.72,0.48,1.09,,345.14,20.03,57.24,991.43
2025-05-16 00:00:00+00:00,0.65,0.72,0.48,0.81,,425.97,17.77,52.54,991.8
2025-05-17 00:00:00+00:00,0.65,0.72,0.48,0.86,,416.82,20.53,37.42,990.22
2025-05-18 00:00:00+00:00,0.65,0.72,0.48,0.93,,407.27,20.11,37.34,993.48
2025-05-19 00:00:00+00:00,0.65,0.72,0.48,0.92,,481.37,23.53,36.46,989.67
2025-05-20 00:00:00+00:00,0.65,0.72,0.48,0.91,,347.06,20.28,41.94,985.02
2025-05-21 00:00:00+00:00,0.65,0.72,0.48,1.02,,345.55,22.79,36.1,986.38
2025-05-22 00:00:00+00:00,0.65,0.72,0.48,0.89,,374.3,18.93,52.94,984.57
2025-05-23 00:00:00+00:00,0.65,0.72,0.48,0.98,,377.75,21.75,40.86,989.01
2025-05-24 00:00:00+00:00,0.65,0.72,0.48,1.09,,402.92,19.2,37.97,992.56
2025-05-25 00:00:00+00:00,0.65,0.72,0.48,0.94,,431.54,18.42,32.78,995.68
2025-05-26 00:00:00+00:00,0.65,0.72,0.48,0.86,,409.65,18.32,34.31,1003.98
2025-05-27 00:00:00+00:00,0.65,0.72,0.48,0.74,,443.77,23.68,33.22,1001.75
2025-05-28 00:00:00+00:00,0.65,0.72,0.48,1.0,,635.47,24.92,31.05,998.83
2025-05-29 00:00:00+00:00,0.65,0.72,0.48,0.7,,544.3,27.01,34.03,996.24
2025-05-30 00:00:00+00:00,0.65,0.72,0.48,1.03,,476.36,28.72,27.41,995.44
2025-05-31 00:00:00+00:00,0.65,0.72,0.48,0.97,,636.64,28.35,27.82,993.77
2025-06-01 00:00:00+00:00,0.65,0.72,0.48,0.68,,496.13,30.62,22.04,989.06
2025-06-02 00:00:00+00:00,0.655,0.725,0.48333333333333334,0.77,,357.02,29.64,30.65,982.63
2025-06-03 00:00:00+00:00,0.65,0.725,0.48333333333333334,0.97,,343.7,22.2,33.56,982.96
2025-06-04 00:00:00+00:00,0.65,0.72,0.48,0.89,,332.38,22.03,40.47,984.53
2025-06-05 00:00:00+00:00,0.65,0.72,0.48,0.72,,505.85,28.74,25.87,981.92
2025-06-06 00:00:00+00:00,0.65,0.72,0.48,0.74,,476.74,27.36,32.29,983.07
2025-06-07 00:00:00+00:00,0.655,0.725,0.48333333333333334,0.85,,418.92,27.14,36.78,988.27
2025-06-08 00:00:00+00:00,0.65,0.72,0.48,0.89,,404.41,25.8,31.34,993.83
2025-06-09 00:00:00+00:00,0.65,0.72,0.48,0.84,,446.69,25.61,27.68,993.51
2025-06-10 00:00:00+00:00,0.655,0.72,0.48,0.95,,507.91,27.15,25.88,987.8
2025-06-11 00:00:00+00:00,0.655,0.725,0.48333333333333334,0.83,,522.19,27.41,32.35,984.86
2025-06-12 00:00:00+00:00,0.655,0.725,0.48333333333333334,0.8,,517.99,27.45,40.7,985.53
2025-06-13 00:00:00+00:00,0.655,0.725,0.48333333333333334,0.8,,709.15,25.76,47.31,987.05
2025-06-14 00:00:00+00:00,0.655,0.725,0.48333333333333334,0.8,,556.0,30.98,30.84,986.04
2025-06-15 00:00:00+00:00,0.655,0.73,0.48666666666666664,1.02,,682.8,33.24,27.09,982.33
2025-06-16 00:00:00+00:00,0.66,0.73,0.48666666666666664,0.71,,436.51,26.62,45.3,980.07
2025-06-17 00:00:00+00:00,0.655,0.73,0.48666666666666664,0.67,,428.37,26.92,39.32,978.62
2025-06-18 00:00:00+00:00,0.66,0.73,0.48666666666666664,1.38,0.43,666.89,23.63,53.7,976.66
2025-06-19 00:00:00+00:00,0.655,0.73,0.48666666666666664,,0.44,,22.95,53.99,974.75
2025-06-20 00:00:00+00:00,0.655,0.725,0.48333333333333334,,2.64,,21.3,49.62,974.73
2025-06-21 00:00:00+00:00,0.65,0.725,0.48333333333333334,,3.07,,23.8,36.08,979.39
2025-06-22 00:00:00+00:00,0.655,0.725,0.48333333333333334,,3.32,,21.09,42.97,980.93
2025-06-23 00:00:00+00:00,0.655,0.73,0.48666666666666664,26.76,4.28,,22.83,51.9,983.6
2025-06-24 00:00:00+00:00,0.655,0.725,0.48333333333333334,39.29,,,23.82,37.19,985.05
2025-06-25 00:00:00+00:00,0.655,0.725,0.48333333333333334,39.99,,,25.85,27.42,985.24
2025-06-26 00:00:00+00:00,0.655,0.725,0.48333333333333334,38.75,,,22.31,57.41,982.84
2025-06-27 00:00:00+00:00,0.655,0.725,0.48333333333333334,36.68,,,21.6,69.73,974.51
2025-06-28 00:00:00+00:00,0.655,0.725,0.48333333333333334,36.72,,,21.36,65.44,971.93
2025-06-29 00:00:00+00:00,0.655,0.725,0.48333333333333334,33.96,,,22.05,57.1,978.01
2025-06-30 00:00:00+00:00,0.65,0.72,0.48,39.5,,343.57,25.68,44.3,979.37
2025-07-01 00:00:00+00:00,0.65,0.72,0.48,34.25,,512.16,28.14,45.75,979.76
2025-07-02 00:00:00+00:00,0.65,0.72,0.48,43.96,,535.12,27.58,34.97,983.03
2025-07-03 00:00:00+00:00,0.65,0.72,0.48,50.12,,464.5,29.47,27.63,982.79
2025-07-04 00:00:00+00:00,0.65,0.72,0.48,42.87,,378.93,27.64,36.08,983.85
2025-07-05 00:00:00+00:00,0.65,0.72,0.48,46.54,,414.15,27.36,43.23,984.7
2025-07-06 00:00:00+00:00,0.65,0.72,0.48,43.85,,364.95,27.27,31.74,984.09
2025-07-07 00:00:00+00:00,0.65,0.72,0.48,47.81,,374.74,24.45,35.89,989.33
2025-07-08 00:00:00+00:00,0.645,0.72,0.48,49.58,,420.44,26.53,33.79,991.22
2025-07-09 00:00:00+00:00,0.645,0.72,0.48,51.0,,592.45,27.19,38.68,992.17
2025-07-10 00:00:00+00:00,0.65,0.72,0.48,56.97,,689.79,30.84,37.36,991.5
2025-07-11 00:00:00+00:00,0.65,0.725,0.48333333333333334,44.41,,580.07,32.1,35.11,991.35
2025-07-12 00:00:00+00:00,0.65,0.72,0.48,45.81,,542.55,31.39,40.81,990.5
2025-07-13 00:00:00+00:00,0.65,0.72,0.48,50.34,,406.51,26.98,29.36,988.01
2025-07-14 00:00:00+00:00,0.65,0.72,0.48,54.3,,441.53,27.38,26.6,983.82
2025-07-15 00:00:00+00:00,0.65,0.72,0.48,55.0,,489.77,29.28,25.55,981.19
2025-07-16 00:00:00+00:00,0.655,0.725,0.48333333333333334,66.72,,580.17,32.54,22.21,980.18
2025-07-17 00:00:00+00:00,0.655,0.725,0.48333333333333334,57.36,,629.69,29.61,37.1,981.29
2025-07-18 00:00:00+00:00,0.655,0.725,0.48333333333333334,58.66,,458.66,27.32,44.31,983.17
2025-07-19 00:00:00+00:00,0.65,0.725,0.48333333333333334,59.44,,440.96,25.83,28.56,990.55
2025-07-20 00:00:00+00:00,0.65,0.725,0.48333333333333334,62.15,,516.37,26.21,27.63,991.53
2025-07-21 00:00:00+00:00,0.65,0.725,0.48333333333333334,68.39,,771.63,28.57,22.62,989.35
2025-07-22 00:00:00+00:00,0.655,0.725,0.48333333333333334,58.48,,545.79,30.4,21.8,983.94
2025-07-23 00:00:00+00:00,0.655,0.725,0.48333333333333334,52.65,,376.47,28.03,42.77,977.23
2025-07-24 00:00:00+00:00,0.655,0.725,0.48333333333333334,60.92,,530.67,26.34,49.25,973.51
2025-07-25 00:00:00+00:00,0.655,0.725,0.48333333333333334,69.27,,620.92,23.24,82.76,973.99
2025-07-26 00:00:00+00:00,0.655,0.725,0.48333333333333334,59.19,,458.41,22.19,57.86,977.08
2025-07-27 00:00:00+00:00,0.65,0.72,0.48,50.67,,354.74,19.2,65.09,979.69
2025-07-28 00:00:00+00:00,0.65,0.72,0.48,64.01,,389.78,19.23,96.49,978.02
2025-07-29 00:00:00+00:00,0.65,0.72,0.48,82.5,,433.41,21.57,77.89,978.82
2025-07-30 00:00:00+00:00,0.65,0.725,0.48333333333333334,81.56,,682.08,23.21,77.59,981.01
2025-07-31 00:00:00+00:00,0.65,0.72,0.48,76.7,,542.64,23.04,62.17,984.14
2025-08-01 00:00:00+00:00,1.3,1.45,1.45,82.28,,619.29,,,
2025-08-02 00:00:00+00:00,1.3,1.44,1.44,91.95,,796.57,,,
2025-08-03 00:00:00+00:00,1.3,1.44,1.44,69.19,,621.21,,,
2025-08-04 00:00:00+00:00,1.3,1.44,1.44,72.02,,595.04,,,
2025-08-05 00:00:00+00:00,1.31,1.45,1.45,51.01,,627.09,,,
2025-08-06 00:00:00+00:00,1.31,1.45,1.45,55.71,,560.13,,,
2025-08-07 00:00:00+00:00,1.31,1.45,1.45,66.09,,677.55,,,
2025-08-08 00:00:00+00:00,1.31,1.45,1.45,60.47,,730.17,,,
2025-08-09 00:00:00+00:00,1.31,1.45,1.45,64.42,,517.67,,,
2025-08-10 00:00:00+00:00,1.31,1.45,1.45,61.34,,511.85,,,
2025-08-11 00:00:00+00:00,1.31,1.45,1.45,72.01,,558.08,,,
2025-08-12 00:00:00+00:00,1.31,1.45,1.45,68.7,,606.26,,,
2025-08-13 00:00:00+00:00,1.31,1.45,1.45,65.55,,504.51,,,
2025-08-14 00:00:00+00:00,1.31,1.45,1.45,69.59,,542.61,,,
2025-08-15 00:00:00+00:00,1.3,1.45,1.45,73.79,,564.91,,,
2025-08-16 00:00:00+00:00,1.31,1.45,1.45,63.44,,490.16,,,
2025-08-17 00:00:00+00:00,1.31,1.45,1.45,78.2,,919.05,,,
2025-08-18 00:00:00+00:00,1.3,1.45,1.45,77.52,,891.93,,,
2025-08-19 00:00:00+00:00,1.3,1.44,1.44,87.59,,873.66,,,
2025-08-20 00:00:00+00:00,1.3,1.44,1.44,52.96,,406.49,,,
2025-08-21 00:00:00+00:00,0.65,0.72,0.48,75.06,,591.02,20.36,55.08,986.55
2025-08-22 00:00:00+00:00,0.65,0.72,0.48,79.93,,662.72,21.91,56.17,987.8
2025-08-23 00:00:00+00:00,0.655,0.725,0.48333333333333334,81.56,,846.91,23.0,50.49,989.43
2025-08-24 00:00:00+00:00,0.655,0.725,0.48333333333333334,65.48,,614.4,26.48,32.81,990.08
2025-08-25 00:00:00+00:00,0.65,0.725,0.48333333333333334,69.34,,624.65,27.59,30.77,988.88
2025-08-26 00:00:00+00:00,0.65,0.725,0.48333333333333334,72.65,,698.65,24.37,51.57,991.27
2025-08-27 00:00:00+00:00,0.655,0.725,0.48333333333333334,61.58,,442.09,25.68,35.22,987.99
2025-08-28 00:00:00+00:00,0.65,0.72,0.48,72.69,,524.33,20.34,39.06,994.75
2025-08-29 00:00:00+00:00,0.65,0.72,0.48,71.68,,511.55,19.6,34.65,995.2
2025-08-30 00:00:00+00:00,0.65,0.72,0.48,69.22,,491.95,19.52,44.53,997.48
2025-08-31 00:00:00+00:00,0.65,0.725,0.48333333333333334,59.05,,532.55,24.25,32.15,993.38
2025-09-01 00:00:00+00:00,0.65,0.725,0.48333333333333334,65.31,,691.2,24.22,38.61,989.01
2025-09-02 00:00:00+00:00,0.655,0.725,0.48333333333333334,68.88,,767.38,24.85,28.74,987.61
2025-09-03 00:00:00+00:00,0.655,0.725,0.48333333333333334,51.41,,403.5,27.59,22.3,986.43
2025-09-04 00:00:00+00:00,0.65,0.72,0.48,58.06,,484.42,25.35,18.6,983.13
2025-09-05 00:00:00+00:00,0.65,0.725,0.48333333333333334,67.37,,519.98,19.7,39.78,979.01
2025-09-06 00:00:00+00:00,0.65,0.725,0.48333333333333334,66.94,,491.16,18.34,85.39,981.19
2025-09-07 00:00:00+00:00,0.65,0.72,0.48,59.22,,408.44,18.86,79.29,987.76
2025-09-08 00:00:00+00:00,0.65,0.72,0.48,62.72,,424.47,18.13,51.06,992.41
2025-09-09 00:00:00+00:00,0.65,0.72,0.48,68.65,,541.86,15.87,63.49,991.35
2025-09-10 00:00:00+00:00,0.65,0.72,0.48,61.56,,408.23,16.32,56.83,995.96
2025-09-11 00:00:00+00:00,0.65,0.72,0.48,68.84,,620.61,15.8,54.22,994.21
2025-09-12 00:00:00+00:00,0.645,0.72,0.48,70.76,,548.59,16.2,62.08,997.19
2025-09-13 00:00:00+00:00,0.645,0.715,0.4766666666666666,56.48,,391.9,12.9,40.32,1004.39
2025-09-14 00:00:00+00:00,0.645,0.72,0.48,59.86,,434.8,12.53,46.45,1002.27
2025-09-15 00:00:00+00:00,0.645,0.72,0.48,62.86,,444.96,15.81,41.75,997.33
2025-09-16 00:00:00+00:00,0.65,0.72,0.48,64.48,,438.99,13.49,54.02,995.59
2025-09-17 00:00:00+00:00,0.65,0.72,0.48,65.12,,474.1,15.11,54.52,997.33
2025-09-18 00:00:00+00:00,0.65,0.72,0.48,78.39,,754.49,16.54,47.34,998.56
2025-09-19 00:00:00+00:00,0.65,0.72,0.48,75.84,,666.12,16.28,47.26,996.06
2025-09-20 00:00:00+00:00,0.65,0.72,0.48,86.17,,595.39,18.76,37.68,993.0
2025-09-21 00:00:00+00:00,0.65,0.72,0.48,80.13,,504.76,14.64,45.76,991.75
2025-09-22 00:00:00+00:00,0.65,0.72,0.48,79.12,,985.73,17.6,59.25,991.02
2025-09-23 00:00:00+00:00,0.65,0.72,0.48,74.73,,596.29,20.67,45.02,995.72
2025-09-24 00:00:00+00:00,0.65,0.725,0.48333333333333334,73.41,,511.24,22.4,38.11,990.99
2025-09-25 00:00:00+00:00,0.65,0.72,0.48,74.09,,478.08,19.8,37.79,987.37
2025-09-26 00:00:00+00:00,0.65,0.72,0.48,56.77,,413.73,9.84,98.32,990.18
2025-09-27 00:00:00+00:00,0.65,0.72,0.48,56.01,,463.26,9.19,62.98,995.71
2025-09-28 00:00:00+00:00,0.65,0.72,0.48,73.5,,898.08,10.7,61.6,999.05
2025-09-29 00:00:00+00:00,0.65,0.72,0.48,53.23,,439.38,6.89,65.9,1002.68
2025-09-30 00:00:00+00:00,0.65,0.72,0.48,50.92,,528.74,2.34,55.08,1002.76
2025-10-01 00:00:00+00:00,0.65,0.725,0.48333333333333334,55.48,,727.36,7.57,53.12,1000.09
2025-10-02 00:00:00+00:00,0.65,0.725,0.48333333333333334,60.11,,512.1,6.26,70.27,1003.12
2025-10-03 00:00:00+00:00,0.65,0.725,0.48333333333333334,71.56,,1032.99,7.99,57.1,1007.8
2025-10-04 00:00:00+00:00,0.655,0.725,0.48333333333333334,74.45,,867.56,8.42,49.7,1010.07
2025-10-05 00:00:00+00:00,0.655,0.725,0.48333333333333334,67.45,,577.11,8.8,48.58,1005.45
2025-10-06 00:00:00+00:00,0.655,0.725,0.48333333333333334,70.58,,825.58,7.6,35.53,1001.44
2025-10-07 00:00:00+00:00,0.655,0.73,0.48666666666666664,70.98,,832.74,9.88,28.56,1001.64
2025-10-08 00:00:00+00:00,0.66,0.73,0.48666666666666664,75.16,,665.99,9.3,31.99,1002.04
2025-10-09 00:00:00+00:00,0.66,0.73,0.48666666666666664,75.8,,913.63,7.96,41.24,1001.78
2025-10-10 00:00:00+00:00,0.66,0.73,0.48666666666666664,76.78,,736.57,10.65,38.46,995.62
2025-10-11 00:00:00+00:00,0.66,0.735,0.49,62.39,,455.07,13.86,30.05,988.59
2025-10-12 00:00:00+00:00,0.66,0.73,0.48666666666666664,54.26,,553.65,7.87,100.0,990.06
2025-10-13 00:00:00+00:00,0.66,0.73,0.48666666666666664,80.88,,830.33,12.74,97.9,996.38
2025-10-14 00:00:00+00:00,0.66,0.73,0.48666666666666664,67.56,,487.11,16.05,64.88,997.92
2025-10-15 00:00:00+00:00,0.66,0.73,0.48666666666666664,68.09,,462.92,14.11,42.03,996.48
2025-10-16 00:00:00+00:00,0.66,0.73,0.48666666666666664,66.08,,517.65,9.69,38.15,992.59
2025-10-17 00:00:00+00:00,0.66,0.73,0.48666666666666664,53.19,,433.8,5.99,79.72,997.43
2025-10-18 00:00:00+00:00,0.66,0.73,0.48666666666666664,61.01,,439.0,7.08,78.81,1001.07
2025-10-19 00:00:00+00:00,0.66,0.73,0.48666666666666664,71.26,,676.32,9.73,68.16,1001.45
2025-10-20 00:00:00+00:00,0.665,0.735,0.49,66.12,,605.0,9.11,54.33,1001.64
2025-10-21 00:00:00+00:00,0.685,0.75,0.5,58.04,,474.49,8.69,44.56,999.94
2025-10-22 00:00:00+00:00,0.685,0.755,0.5033333333333333,61.72,,559.88,7.16,66.87,998.94
2025-10-23 00:00:00+00:00,0.685,0.755,0.5033333333333333,81.02,,691.53,8.5,65.79,997.95
2025-10-24 00:00:00+00:00,0.685,0.755,0.5033333333333333,79.93,,875.89,8.31,66.54,994.89
2025-10-25 00:00:00+00:00,0.685,0.755,0.5033333333333333,87.29,,1284.36,5.89,63.49,994.13
2025-10-26 00:00:00+00:00,0.685,0.75,0.5,65.73,,493.62,10.64,40.2,995.89
2025-10-27 00:00:00+00:00,0.685,0.755,0.5033333333333333,50.55,,394.69,9.59,46.49,994.39
2025-10-28 00:00:00+00:00,0.69,0.755,0.5033333333333333,53.06,,429.24,8.9,42.24,994.95
2025-10-29 00:00:00+00:00,0.69,0.755,0.5033333333333333,64.29,,562.87,10.43,42.47,991.98
2025-10-30 00:00:00+00:00,0.69,0.755,0.5033333333333333,64.59,,514.78,10.74,100.0,986.23
2025-10-31 00:00:00+00:00,0.69,0.755,0.5033333333333333,54.52,,380.8,6.31,99.96,992.17
2025-11-01 00:00:00+00:00,1.38,1.51,1.51,56.88,,582.16,,,
2025-11-02 00:00:00+00:00,1.38,1.51,1.51,59.38,,393.69,,,
2025-11-03 00:00:00+00:00,0.69,0.755,0.5033333333333333,50.23,,439.55,0.51,63.53,1003.47
2025-11-04 00:00:00+00:00,0.695,0.76,0.5066666666666667,49.81,,671.29,-3.23,56.45,1012.69
2025-11-05 00:00:00+00:00,0.695,0.76,0.5066666666666667,38.21,,403.86,-1.27,55.41,1010.64
2025-11-06 00:00:00+00:00,0.695,0.76,0.5066666666666667,42.59,,399.96,1.11,41.51,1003.55
2025-11-07 00:00:00+00:00,0.695,0.76,0.5066666666666667,41.85,,356.79,5.64,42.02,996.35
2025-11-08 00:00:00+00:00,0.695,0.76,0.5066666666666667,52.0,,397.18,7.7,100.0,992.18
2025-11-09 00:00:00+00:00,0.695,0.76,0.5066666666666667,45.65,,398.4,5.79,90.28,993.34
2025-11-10 00:00:00+00:00,0.695,0.76,0.5066666666666667,56.97,,527.5,5.79,89.93,997.34
2025-11-11 00:00:00+00:00,0.695,0.76,0.5066666666666667,54.21,,429.26,8.18,100.0,991.39
2025-11-12 00:00:00+00:00,0.695,0.76,0.5066666666666667,57.94,,499.85,7.2,92.6,999.42
2025-11-13 00:00:00+00:00,0.69,0.76,0.5066666666666667,46.16,,592.92,5.11,84.12,1003.27
2025-11-14 00:00:00+00:00,0.7,0.765,0.51,46.83,,975.41,6.28,86.78,998.61
2025-11-15 00:00:00+00:00,0.7,0.765,0.51,60.76,,949.87,3.95,95.08,993.87
2025-11-16 00:00:00+00:00,0.7,0.765,0.51,40.15,,419.79,4.09,95.12,993.83
2025-11-17 00:00:00+00:00,0.7,0.765,0.51,41.53,,73.2,4.73,96.96,1002.46
2025-11-18 00:00:00+00:00,0.7,0.77,0.5133333333333333,41.04,21.77,72.69,6.7,85.44,1002.39
2025-11-19 00:00:00+00:00,0.705,0.77,0.5133333333333333,43.92,17.48,72.76,6.1,89.22,999.18
2025-11-20 00:00:00+00:00,0.7,0.765,0.51,48.06,16.34,72.34,11.17,100.0,999.11
2025-11-21 00:00:00+00:00,0.7,0.765,0.51,53.51,20.61,72.26,8.83,100.0,1007.74
2025-11-22 00:00:00+00:00,0.7,0.765,0.51,51.94,21.16,72.0,8.72,74.88,1004.51
2025-11-23 00:00:00+00:00,0.7,0.77,0.5133333333333333,54.26,19.54,72.2,8.28,78.12,1000.29
2025-11-24 00:00:00+00:00,0.7,0.765,0.51,56.27,30.73,72.13,4.24,93.53,1000.14
2025-11-25 00:00:00+00:00,0.7,0.77,0.5133333333333333,54.99,26.2,72.26,6.72,80.54,994.23
2025-11-26 00:00:00+00:00,0.7,0.77,0.5133333333333333,51.81,28.11,72.04,4.62,84.36,996.59
2025-11-27 00:00:00+00:00,0.705,0.77,0.5133333333333333,49.92,24.96,72.38,0.42,87.57,1004.6
2025-11-28 00:00:00+00:00,0.705,0.77,0.5133333333333333,50.42,28.14,72.88,-1.01,87.91,1005.24
2025-11-29 00:00:00+00:00,0.705,0.77,0.5133333333333333,71.63,49.5,72.84,-1.11,88.79,1003.13
2025-11-30 00:00:00+00:00,0.705,0.775,0.5166666666666667,59.97,28.23,73.28,-0.47,85.78,1003.53
2025-12-01 00:00:00+00:00,0.705,0.77,0.5133333333333333,72.55,53.21,72.13,0.26,89.99,1003.09
2025-12-02 00:00:00+00:00,0.71,0.775,0.5166666666666667,40.79,19.67,72.51,-0.41,90.84,1001.81
2025-12-03 00:00:00+00:00,0.71,0.775,0.5166666666666667,36.88,18.37,72.61,-1.1,89.84,1001.61
2025-12-04 00:00:00+00:00,0.71,0.775,0.5166666666666667,36.72,15.44,72.59,-0.26,88.88,1003.26
2025-12-05 00:00:00+00:00,0.71,0.775,0.5166666666666667,37.4,16.0,72.56,0.26,84.1,1004.92
2025-12-06 00:00:00+00:00,0.71,0.775,0.5166666666666667,38.45,17.32,72.3,0.16,81.68,1002.82
2025-12-07 00:00:00+00:00,0.71,0.775,0.5166666666666667,41.06,17.36,72.23,0.74,90.25,1001.0
2025-12-08 00:00:00+00:00,0.715,0.785,0.5233333333333333,39.66,16.46,74.54,0.28,83.9,1002.44
2025-12-09 00:00:00+00:00,1.44,0.79,0.5266666666666667,34.71,13.41,75.74,-5.73,70.43,1008.64
